"thread_id"	"thread_created_at"	"review_url"	"review_path"	"original_line"	"claim_heading"	"status_at_capture"	"falsifier"
"PRRT_kwDOR3YK5M6CWWKm"	"2026-05-15T12:00:15Z"	"https://github.com/Oichkatzelesfrettschen/mesa-26-gororoba/pull/28#discussion_r3248019629"	"src/amd/terascale/vulkan/terakan_draw.c"	"365"	"update attachment layer state inside each multiview draw"	"unassessed"	""
"PRRT_kwDOR3YK5M6ChBF4"	"2026-05-16T02:25:34Z"	"https://github.com/Oichkatzelesfrettschen/mesa-26-gororoba/pull/46#discussion_r3251852166"	"src/amd/terascale/vulkan/nir/terakan_nir_lower_abi.c"	"520"	"index dynamic robustness loads by vec4 row"	"unassessed"	""
"PRRT_kwDOR3YK5M6C_gYg"	"2026-05-18T22:44:41Z"	"https://github.com/Oichkatzelesfrettschen/mesa-26-gororoba/pull/99#discussion_r3262626421"	"src/amd/terascale/vulkan/terakan_dmabuf_carrier.c"	"90"	"the carrier policy reason string claims the non palm default is native noop legacy for every other terakan chip family but then lists only a subset missing at least chip hemlock chip barts chip turks chip caicos which are also recogn"	"unassessed"	""
"PRRT_kwDOR3YK5M6LaOsk"	"2026-06-22T22:06:09Z"	"https://github.com/Oichkatzelesfrettschen/mesa-26-gororoba/pull/786#discussion_r3455720534"	"src/gallium/auxiliary/vl/tests/vl_h264_slice_parser_test.c"	"87"	"trim the next annex b start code from the fixture"	"unassessed"	""
"PRRT_kwDOR3YK5M6LaOsq"	"2026-06-22T22:06:09Z"	"https://github.com/Oichkatzelesfrettschen/mesa-26-gororoba/pull/786#discussion_r3455720541"	"src/gallium/auxiliary/vl/vl_h264_slice_parser.c"	"201"	"use the va supplied active reference count"	"unassessed"	""
"PRRT_kwDOR3YK5M6L_w9G"	"2026-06-24T18:15:13Z"	"https://github.com/Oichkatzelesfrettschen/mesa-26-gororoba/pull/786#discussion_r3469309017"	"src/gallium/auxiliary/vl/vl_h264_cavlc_tables.h"	"7"	"keep cavlc table generation inside mesa"	"unassessed"	""
"PRRT_kwDOR3YK5M6L_w9U"	"2026-06-24T18:15:13Z"	"https://github.com/Oichkatzelesfrettschen/mesa-26-gororoba/pull/786#discussion_r3469309034"	"src/gallium/auxiliary/vl/vl_h264_mb_decode.c"	"212"	"copy slice deblock controls into each contract"	"unassessed"	""
"PRRT_kwDOR3YK5M6L_w9Y"	"2026-06-24T18:15:13Z"	"https://github.com/Oichkatzelesfrettschen/mesa-26-gororoba/pull/786#discussion_r3469309038"	"src/gallium/auxiliary/vl/vl_h264_mb_decode.c"	"212"	"mark native intra macroblocks with unused references"	"unassessed"	""
"PRRT_kwDOR3YK5M6L_w9c"	"2026-06-24T18:15:13Z"	"https://github.com/Oichkatzelesfrettschen/mesa-26-gororoba/pull/786#discussion_r3469309043"	"src/gallium/auxiliary/vl/vl_h264_slice_parser.c"	"187"	"reject field coded slices before raster decoding"	"unassessed"	""
"PRRT_kwDOR3YK5M6X3byR"	"2026-08-10T12:26:10Z"	"https://github.com/Oichkatzelesfrettschen/mesa-26-gororoba/pull/1305#discussion_r3749439672"	"src/amd/terascale/vulkan/tests/terakan_softfp64_lifetime_contract_test.py"	"58"	"verify that wsi failures reach fail device"	"unassessed"	""
"PRRT_kwDOR3YK5M6X3lYa"	"2026-08-10T12:33:42Z"	"https://github.com/Oichkatzelesfrettschen/mesa-26-gororoba/pull/1306#discussion_r3749492959"	"src/amd/terascale/vulkan/tests/terakan_softfp64_lifetime_contract_test.py"	"65"	"reject exits that precede the expected goto"	"repair-required"	"A calibrated early-return mutant is rejected."
"PRRT_kwDOR3YK5M6Yb3vf"	"2026-08-12T02:30:07Z"	"https://github.com/Oichkatzelesfrettschen/mesa-26-gororoba/pull/1395#discussion_r3763174319"	"src/gallium/drivers/r300/r300_r2vb.c"	"3933"	"add symbol discovery provenance to the psc claim"	"unassessed"	""
"PRRT_kwDOR3YK5M6YcP8D"	"2026-08-12T03:10:44Z"	"https://github.com/Oichkatzelesfrettschen/mesa-26-gororoba/pull/1399#discussion_r3763320185"	"src/amd/r300/vulkan/tests/r3v_native_loader_sweep.c"	"84"	"retry waitpid when a signal interrupts the wait"	"unassessed"	""
"PRRT_kwDOR3YK5M6YckKP"	"2026-08-12T03:44:34Z"	"https://github.com/Oichkatzelesfrettschen/mesa-26-gororoba/pull/1403#discussion_r3763442732"	"src/amd/r300/vulkan/tests/run_under_xvfb.sh"	"71"	"terminate the wrapped command s descendants"	"repair-required"	"A calibrated wrapped process tree exits without leaving any descendant alive."
"PRRT_kwDOR3YK5M6YckKT"	"2026-08-12T03:44:34Z"	"https://github.com/Oichkatzelesfrettschen/mesa-26-gororoba/pull/1403#discussion_r3763442736"	"src/amd/r300/vulkan/tests/run_under_xvfb.sh"	"172"	"preserve stdin when backgrounding the command"	"repair-required"	"A piped-input calibration reaches the wrapped background command unchanged."
"PRRT_kwDOR3YK5M6YcmNY"	"2026-08-12T03:47:23Z"	"https://github.com/Oichkatzelesfrettschen/mesa-26-gororoba/pull/1404#discussion_r3763454902"	"src/amd/r300/vulkan/tests/r3v_native_entrypoint_audit.py"	"546"	"track the pointer that guards each optional call"	"unassessed"	""
"PRRT_kwDOR3YK5M6YcmNc"	"2026-08-12T03:47:23Z"	"https://github.com/Oichkatzelesfrettschen/mesa-26-gororoba/pull/1404#discussion_r3763454907"	"src/amd/r300/vulkan/meson.build"	"524"	"calibrate the extra slot failure in isolation"	"unassessed"	""
"PRRT_kwDOR3YK5M6Yc3Z1"	"2026-08-12T04:16:40Z"	"https://github.com/Oichkatzelesfrettschen/mesa-26-gororoba/pull/1407#discussion_r3763557278"	"src/amd/r300/vulkan/r3v_native_cell.c"	"88"	"detect aliases of the same gem bo across separate mappings"	"unassessed"	""
"PRRT_kwDOR3YK5M6Yc3Z4"	"2026-08-12T04:16:40Z"	"https://github.com/Oichkatzelesfrettschen/mesa-26-gororoba/pull/1407#discussion_r3763557282"	"src/amd/r300/vulkan/r3v_native_cell.c"	"503"	"remove the internal source path from the comment"	"unassessed"	""
"PRRT_kwDOR3YK5M6Yc3Z7"	"2026-08-12T04:16:40Z"	"https://github.com/Oichkatzelesfrettschen/mesa-26-gororoba/pull/1407#discussion_r3763557286"	"src/amd/r300/vulkan/tests/r3v_native_vertex_carrier_harness.c"	"209"	"bind the byte fixture to the canonical triangle oracle"	"unassessed"	""
"PRRT_kwDOR3YK5M6Yc3Z9"	"2026-08-12T04:16:40Z"	"https://github.com/Oichkatzelesfrettschen/mesa-26-gororoba/pull/1407#discussion_r3763557288"	"src/amd/r300/vulkan/tests/r3v_native_vertex_carrier_harness.c"	"193"	"attach a discovery source to the vap byte order claim"	"unassessed"	""
"PRRT_kwDOR3YK5M6Yc3Z_"	"2026-08-12T04:16:40Z"	"https://github.com/Oichkatzelesfrettschen/mesa-26-gororoba/pull/1407#discussion_r3763557291"	"src/amd/r300/vulkan/tests/r3v_native_vertex_carrier_harness.c"	"303"	"state the alias test as a present tense mechanism"	"unassessed"	""
"PRRT_kwDOR3YK5M6YiPRn"	"2026-08-12T10:35:17Z"	"https://github.com/Oichkatzelesfrettschen/mesa-26-gororoba/pull/1478#discussion_r3765620587"	"src/amd/r300/vulkan/tests/r3v_native_arming_test.c"	"148"	"reserve space for the attempt token suffix"	"unassessed"	""
"PRRT_kwDOR3YK5M6YiliQ"	"2026-08-12T10:56:28Z"	"https://github.com/Oichkatzelesfrettschen/mesa-26-gororoba/pull/1486#discussion_r3765752512"	"docs/hardware/r3v-native-attended-cell-procedure.md"	"107"	"point the variable at the tcl bypass replay tool"	"unassessed"	""
"PRRT_kwDOR3YK5M6Yimy3"	"2026-08-12T10:57:33Z"	"https://github.com/Oichkatzelesfrettschen/mesa-26-gororoba/pull/1487#discussion_r3765760103"	"src/gallium/drivers/r300/r300_reg.h"	"3538"	"replace the survey name with the measured register property"	"unassessed"	""
"PRRT_kwDOR3YK5M6ZICHm"	"2026-08-14T00:33:46Z"	"https://github.com/Oichkatzelesfrettschen/mesa-26-gororoba/pull/1589#discussion_r3780127145"	"src/amd/r300/vulkan/tests/r3v_source_header_audit.py"	"43"	"scope the upstream holder exception to r300 reg h"	"unassessed"	""
"PRRT_kwDOR3YK5M6ZIGc_"	"2026-08-14T00:41:12Z"	"https://github.com/Oichkatzelesfrettschen/mesa-26-gororoba/pull/1590#discussion_r3780153392"	"src/amd/r300/common/r300_delivery_route.h"	"34"	"ground the position space contract in a named source"	"unassessed"	""
"PRRT_kwDOR3YK5M6ZIX10"	"2026-08-14T01:05:15Z"	"https://github.com/Oichkatzelesfrettschen/mesa-26-gororoba/pull/1591#discussion_r3780263174"	"src/amd/r300/common/tests/r300_r2vb_producer_manifest_check.py"	"331"	"validate the exact compiled us block"	"repair-required"	"Payload-corruption and out-of-range poison mutants are both rejected."
"PRRT_kwDOR3YK5M6ZIX14"	"2026-08-14T01:05:15Z"	"https://github.com/Oichkatzelesfrettschen/mesa-26-gororoba/pull/1591#discussion_r3780263179"	"src/amd/r300/common/r300_r2vb_producer_manifest.c"	"112"	"replay the generated 64 byte carrier allocation"	"unassessed"	""
"PRRT_kwDOR3YK5M6ZIX2A"	"2026-08-14T01:05:15Z"	"https://github.com/Oichkatzelesfrettschen/mesa-26-gororoba/pull/1591#discussion_r3780263188"	"src/amd/r300/common/r300_r2vb_producer_pass.c"	"392"	"reject fragment binaries that are not the passthrough"	"unassessed"	""
"PRRT_kwDOR3YK5M6ZIX2C"	"2026-08-14T01:05:15Z"	"https://github.com/Oichkatzelesfrettschen/mesa-26-gororoba/pull/1591#discussion_r3780263193"	"src/amd/r300/common/tests/r300_r2vb_producer_manifest_check.py"	"270"	"bound the poison value to one dword"	"repair-required"	"Payload-corruption and out-of-range poison mutants are both rejected."
"PRRT_kwDOR3YK5M6ZIj8E"	"2026-08-14T01:24:56Z"	"https://github.com/Oichkatzelesfrettschen/mesa-26-gororoba/pull/1593#discussion_r3780334732"	"docs/hardware/r3v-native-attended-producer-procedure.md"	"53"	"preserve partial poison as an unwritten outcome"	"unassessed"	""
"PRRT_kwDOR3YK5M6ZIj8I"	"2026-08-14T01:24:56Z"	"https://github.com/Oichkatzelesfrettschen/mesa-26-gororoba/pull/1593#discussion_r3780334737"	"docs/hardware/r3v-native-attended-producer-procedure.md"	"38"	"replay the exact producer submit object"	"unassessed"	""
"PRRT_kwDOR3YK5M6ZIj8L"	"2026-08-14T01:24:56Z"	"https://github.com/Oichkatzelesfrettschen/mesa-26-gororoba/pull/1593#discussion_r3780334744"	"docs/hardware/r3v-native-attended-producer-procedure.md"	"56"	"describe the tail as in row padding"	"unassessed"	""
"PRRT_kwDOR3YK5M6ZIj8P"	"2026-08-14T01:24:56Z"	"https://github.com/Oichkatzelesfrettschen/mesa-26-gororoba/pull/1593#discussion_r3780334748"	"docs/hardware/r3v-native-attended-producer-procedure.md"	"67"	"keep parser acceptance out of transport evidence"	"unassessed"	""
"PRRT_kwDOR3YK5M6ZIlCB"	"2026-08-14T01:26:49Z"	"https://github.com/Oichkatzelesfrettschen/mesa-26-gororoba/pull/1592#discussion_r3780341259"	"src/amd/r300/vulkan/tests/r3v_native_attended_producer.c"	"365"	"classify non poison carrier mismatches separately"	"unassessed"	""
"PRRT_kwDOR3YK5M6ZIlCE"	"2026-08-14T01:26:49Z"	"https://github.com/Oichkatzelesfrettschen/mesa-26-gororoba/pull/1592#discussion_r3780341263"	"src/amd/r300/vulkan/tests/r3v_native_attended_producer.c"	"2"	"add real copyright lines to the new source files"	"unassessed"	""
"PRRT_kwDOR3YK5M6ZIlCG"	"2026-08-14T01:26:49Z"	"https://github.com/Oichkatzelesfrettschen/mesa-26-gororoba/pull/1592#discussion_r3780341265"	"src/amd/r300/vulkan/tests/r3v_native_attended_producer.c"	"324"	"preflight runner artifacts before the one shot submit"	"unassessed"	""
"PRRT_kwDOR3YK5M6ZIlCJ"	"2026-08-14T01:26:49Z"	"https://github.com/Oichkatzelesfrettschen/mesa-26-gororoba/pull/1592#discussion_r3780341270"	"src/amd/r300/vulkan/r3v_native_cell.c"	"785"	"update the implementation boundary for live r2vb delivery"	"unassessed"	""
"PRRT_kwDOR3YK5M6ZIlCL"	"2026-08-14T01:26:49Z"	"https://github.com/Oichkatzelesfrettschen/mesa-26-gororoba/pull/1592#discussion_r3780341273"	"src/amd/r300/vulkan/meson.build"	"726"	"add the producer hardware authorization procedure"	"unassessed"	""
"PRRT_kwDOR3YK5M6ZI5HF"	"2026-08-14T02:00:06Z"	"https://github.com/Oichkatzelesfrettschen/mesa-26-gororoba/pull/1594#discussion_r3780463326"	"src/amd/r300/vulkan/tests/r3v_memory_properties_contract_test.c"	"10"	"keep contract checks live in release builds"	"fixed-on-main"	"A release build removes the assertions or the known-bad table passes."
"PRRT_kwDOR3YK5M6ZI5HJ"	"2026-08-14T02:00:06Z"	"https://github.com/Oichkatzelesfrettschen/mesa-26-gororoba/pull/1594#discussion_r3780463335"	"src/amd/r300/vulkan/r3v_memory_properties_contract.h"	"2"	"add a real copyright line to the new contract header"	"superseded-on-main"	"A verified legal holder requires attribution in this file under the current policy."
"PRRT_kwDOR3YK5M6ZI5HM"	"2026-08-14T02:00:06Z"	"https://github.com/Oichkatzelesfrettschen/mesa-26-gororoba/pull/1594#discussion_r3780463340"	"src/amd/r300/vulkan/tests/r3v_memory_properties_contract_test.c"	"2"	"add a real copyright line to the new contract test"	"superseded-on-main"	"A verified legal holder requires attribution in this file under the current policy."
"PRRT_kwDOR3YK5M6ZI5HP"	"2026-08-14T02:00:06Z"	"https://github.com/Oichkatzelesfrettschen/mesa-26-gororoba/pull/1594#discussion_r3780463345"	"src/amd/r300/vulkan/r3v_memory_properties_contract.h"	"28"	"ground the enforced rs48x ceiling in a primary source"	"repair-required"	"A rank-1-through-4 source proves the ceiling for every admitted device or the limit is derived from probed data."
"PRRT_kwDOR3YK5M6ZI5HR"	"2026-08-14T02:00:06Z"	"https://github.com/Oichkatzelesfrettschen/mesa-26-gororoba/pull/1594#discussion_r3780463348"	"src/amd/r300/vulkan/r3v_memory_properties_contract.h"	"102"	"add discovery locations for the memory contract claims"	"repair-required"	"Every mechanism claim names its owning symbol, source location, and discovery command."
"PRRT_kwDOR3YK5M6ZI7ua"	"2026-08-14T02:03:25Z"	"https://github.com/Oichkatzelesfrettschen/mesa-26-gororoba/pull/1595#discussion_r3780478630"	"src/amd/drm-shim/radeon_noop_drm_shim.c"	"4308"	"avoid requiring o tmpfile support from tmp"	"unassessed"	""
"PRRT_kwDOR3YK5M6ZJDFI"	"2026-08-14T02:15:30Z"	"https://github.com/Oichkatzelesfrettschen/mesa-26-gororoba/pull/1596#discussion_r3780523629"	"src/amd/drm-shim/meson.build"	"166"	"add symbol discovery provenance to the fd alias claim"	"unassessed"	""
"PRRT_kwDOR3YK5M6ZJHqE"	"2026-08-14T02:23:42Z"	"https://github.com/Oichkatzelesfrettschen/mesa-26-gororoba/pull/1597#discussion_r3780551556"	"src/amd/r300/vulkan/tests/r3v_native_producer_cell_harness.c"	"2"	"add a real copyright line to the new header"	"superseded-on-main"	"A verified legal holder requires attribution in this file under the current policy."
"PRRT_kwDOR3YK5M6ZJHqJ"	"2026-08-14T02:23:42Z"	"https://github.com/Oichkatzelesfrettschen/mesa-26-gororoba/pull/1597#discussion_r3780551562"	"src/amd/r300/vulkan/tests/r3v_native_producer_cell_harness.c"	"561"	"guard the retained ib comparison by its expected length"	"repair-required"	"An oversized retained IB reports a length failure without reading beyond the reference buffer."
"PRRT_kwDOR3YK5M6ZJHqM"	"2026-08-14T02:23:42Z"	"https://github.com/Oichkatzelesfrettschen/mesa-26-gororoba/pull/1597#discussion_r3780551565"	"src/amd/r300/vulkan/tests/r3v_native_producer_cell_harness.c"	"193"	"reject manifest roots that overflow evidence paths"	"repair-required"	"A long-root calibration is rejected before any evidence artifact path can overflow."
"PRRT_kwDOR3YK5M6ZJHqN"	"2026-08-14T02:23:43Z"	"https://github.com/Oichkatzelesfrettschen/mesa-26-gororoba/pull/1597#discussion_r3780551566"	"src/amd/r300/vulkan/tests/r3v_native_producer_cell_harness.c"	"334"	"stop after an oversized carrier allocation failure"	"repair-required"	"A forced allocation failure reaches cleanup without installing or dereferencing the carrier memory."
"PRRT_kwDOR3YK5M6ZJHqP"	"2026-08-14T02:23:43Z"	"https://github.com/Oichkatzelesfrettschen/mesa-26-gororoba/pull/1597#discussion_r3780551571"	"src/amd/r300/vulkan/tests/r3v_native_producer_cell_harness.c"	"175"	"clear inherited shim fault injection flags"	"repair-required"	"Both inherited fault flags are cleared and an open-mode calibration completes normally."
"PRRT_kwDOR3YK5M6ZJHqT"	"2026-08-14T02:23:43Z"	"https://github.com/Oichkatzelesfrettschen/mesa-26-gororoba/pull/1597#discussion_r3780551576"	"src/amd/r300/vulkan/tests/r3v_native_producer_cell_harness.c"	"10"	"add discovery locations to the new mechanism claims"	"repair-required"	"Every load-bearing mechanism claim names its owning symbol and exact search command."
"PRRT_kwDOR3YK5M6ZJrla"	"2026-08-14T03:23:09Z"	"https://github.com/Oichkatzelesfrettschen/mesa-26-gororoba/pull/1598#discussion_r3780768943"	"src/drm-shim/drm_shim.c"	"1721"	"classify the resolved namespace rather than the raw path"	"unassessed"	""
"PRRT_kwDOR3YK5M6ZJrld"	"2026-08-14T03:23:09Z"	"https://github.com/Oichkatzelesfrettschen/mesa-26-gororoba/pull/1598#discussion_r3780768948"	"src/drm-shim/drm_shim.c"	"4671"	"restrict eagain retries to scoped resolution races"	"unassessed"	""
"PRRT_kwDOR3YK5M6ZJrlf"	"2026-08-14T03:23:09Z"	"https://github.com/Oichkatzelesfrettschen/mesa-26-gororoba/pull/1598#discussion_r3780768950"	"src/drm-shim/drm_shim.c"	"2062"	"preserve passthrough when procfs cannot name the walk"	"unassessed"	""
"PRRT_kwDOR3YK5M6ZJ2Bq"	"2026-08-14T03:37:01Z"	"https://github.com/Oichkatzelesfrettschen/mesa-26-gororoba/pull/1599#discussion_r3780836184"	"src/amd/drm-shim/tests/radeon_noop_drm_shim_residue_check.py"	"37"	"parse the multiline identity diagnostic before normalizing"	"repair-required"	"A multiline identity mismatch retains both observed and expected identities through normalization."
"PRRT_kwDOR3YK5M6ZJ2Bv"	"2026-08-14T03:37:01Z"	"https://github.com/Oichkatzelesfrettschen/mesa-26-gororoba/pull/1599#discussion_r3780836196"	"src/amd/drm-shim/tests/radeon_noop_drm_shim_residue_check_selftest.py"	"65"	"make the bad calibration distinguish the old checker"	"repair-required"	"The calibrated bad input passes the old checker and fails the corrected checker for the intended identity difference."
"PRRT_kwDOR3YK5M6ZJ2Bw"	"2026-08-14T03:37:01Z"	"https://github.com/Oichkatzelesfrettschen/mesa-26-gororoba/pull/1599#discussion_r3780836204"	"src/amd/drm-shim/tests/radeon_noop_drm_shim_residue_check_selftest.py"	"57"	"keep calibration checks active under optimized python"	"repair-required"	"The self-test still rejects every bad arm when executed with PYTHONOPTIMIZE=1."
"PRRT_kwDOR3YK5M6ZMYw7"	"2026-08-14T07:09:24Z"	"https://github.com/Oichkatzelesfrettschen/mesa-26-gororoba/pull/1601#discussion_r3781803980"	"src/amd/r300/vulkan/meson.build"	"1330"	"move the arming runner outside the drm shim guard"	"unassessed"	""
"PRRT_kwDOR3YK5M6ZMYxA"	"2026-08-14T07:09:24Z"	"https://github.com/Oichkatzelesfrettschen/mesa-26-gororoba/pull/1601#discussion_r3781803985"	"src/amd/r300/vulkan/tests/r3v_native_producer_arming_runner_check.py"	"38"	"calibrate the producer runner with an armed case"	"unassessed"	""
"PRRT_kwDOR3YK5M6ZMYxC"	"2026-08-14T07:09:24Z"	"https://github.com/Oichkatzelesfrettschen/mesa-26-gororoba/pull/1601#discussion_r3781803990"	"src/amd/r300/vulkan/tests/r3v_native_producer_arming_runner.c"	"2"	"add required copyright attribution to both new sources"	"unassessed"	""
"PRRT_kwDOR3YK5M6ZMYxG"	"2026-08-14T07:09:24Z"	"https://github.com/Oichkatzelesfrettschen/mesa-26-gororoba/pull/1601#discussion_r3781803994"	"src/amd/r300/vulkan/tests/r3v_native_producer_arming_runner.c"	"82"	"reject malformed pci identity overrides"	"unassessed"	""
"PRRT_kwDOR3YK5M6ZMYxH"	"2026-08-14T07:09:24Z"	"https://github.com/Oichkatzelesfrettschen/mesa-26-gororoba/pull/1601#discussion_r3781803997"	"src/amd/r300/vulkan/tests/r3v_native_producer_arming_runner.c"	"28"	"add symbol discovery provenance to the cross path claim"	"unassessed"	""
"PRRT_kwDOR3YK5M6ZTCO9"	"2026-08-14T13:57:31Z"	"https://github.com/Oichkatzelesfrettschen/mesa-26-gororoba/pull/1602#discussion_r3784301431"	"src/amd/r300/vulkan/r3v_native_cell.c"	"818"	"maintainability code quality minor quick win"	"unassessed"	""
"PRRT_kwDOR3YK5M6ZTCOk"	"2026-08-14T13:57:31Z"	"https://github.com/Oichkatzelesfrettschen/mesa-26-gororoba/pull/1602#discussion_r3784301399"	"docs/hardware/r3v-native-attended-producer-procedure.md"	"104"	"maintainability code quality minor quick win"	"unassessed"	""
"PRRT_kwDOR3YK5M6ZTCPO"	"2026-08-14T13:57:31Z"	"https://github.com/Oichkatzelesfrettschen/mesa-26-gororoba/pull/1602#discussion_r3784301448"	"src/amd/r300/vulkan/tests/r3v_native_producer_arming_runner_check.py"	"152"	"functional correctness minor quick win"	"repair-required"	"A matching sweep digest arms the sweep and the sweep digest refuses the reference stream."
"PRRT_kwDOR3YK5M6ZTDHJ"	"2026-08-14T13:58:03Z"	"https://github.com/Oichkatzelesfrettschen/mesa-26-gororoba/pull/1602#discussion_r3784306276"	"docs/hardware/r3v-native-attended-producer-procedure.md"	"99"	"mark the executed run as reference only"	"unassessed"	""
"PRRT_kwDOR3YK5M6ZTDHW"	"2026-08-14T13:58:04Z"	"https://github.com/Oichkatzelesfrettschen/mesa-26-gororoba/pull/1602#discussion_r3784306291"	"docs/hardware/r3v-native-attended-producer-procedure.md"	"103"	"replace the host local evidence path with a durable locator"	"unassessed"	""
"PRRT_kwDOR3YK5M6ZTDHn"	"2026-08-14T13:58:04Z"	"https://github.com/Oichkatzelesfrettschen/mesa-26-gororoba/pull/1602#discussion_r3784306309"	"src/amd/r300/common/meson.build"	"100"	"validate the sweep manifest artifacts"	"unassessed"	""
"PRRT_kwDOR3YK5M6ZTDHx"	"2026-08-14T13:58:04Z"	"https://github.com/Oichkatzelesfrettschen/mesa-26-gororoba/pull/1602#discussion_r3784306320"	"src/amd/r300/vulkan/tests/r3v_native_producer_arming_runner_check.py"	"138"	"calibrate an armed sweep verdict"	"repair-required"	"A matching sweep digest arms the sweep and the sweep digest refuses the reference stream."
"PRRT_kwDOR3YK5M6ZTeB4"	"2026-08-14T14:16:04Z"	"https://github.com/Oichkatzelesfrettschen/mesa-26-gororoba/pull/1603#discussion_r3784463868"	"src/amd/r300/common/tests/run_r2vb_reingest_replay.sh"	"49"	"validate the generated re ingest manifest contents"	"repair-required"	"Malformed digest, relocation, domain, and size metadata mutations are rejected."
"PRRT_kwDOR3YK5M6ZTeBt"	"2026-08-14T14:16:04Z"	"https://github.com/Oichkatzelesfrettschen/mesa-26-gororoba/pull/1603#discussion_r3784463852"	"src/amd/r300/vulkan/tests/r3v_native_reingest_arming_runner_check.py"	"82"	"add a known good re ingest arming case"	"repair-required"	"A known-good matching-provider case returns ARMED before the bad mutations are applied."
"PRRT_kwDOR3YK5M6ZTeBy"	"2026-08-14T14:16:04Z"	"https://github.com/Oichkatzelesfrettschen/mesa-26-gororoba/pull/1603#discussion_r3784463858"	"src/amd/r300/common/r300_r2vb_reingest_manifest.c"	"2"	"add real copyright lines to the new source headers"	"superseded-on-main"	"A verified legal holder requires attribution across the new source set under the current policy."
"PRRT_kwDOR3YK5M6ZZIY3"	"2026-08-14T19:25:24Z"	"https://github.com/Oichkatzelesfrettschen/mesa-26-gororoba/pull/1605#discussion_r3786586404"	"src/amd/r300/vulkan/tests/r3v_native_attended_reingest.c"	"389"	"retain the poison count in re ingest outcomes"	"repair-required"	"The retained outcome records the poison count and a partial-write fixture remains independently classifiable."
"PRRT_kwDOR3YK5M6ZZIYq"	"2026-08-14T19:25:24Z"	"https://github.com/Oichkatzelesfrettschen/mesa-26-gororoba/pull/1605#discussion_r3786586385"	"docs/hardware/r3v-native-attended-producer-procedure.md"	"125"	"remove target local paths from checked in procedures"	"unassessed"	""
"PRRT_kwDOR3YK5M6ZZIYz"	"2026-08-14T19:25:24Z"	"https://github.com/Oichkatzelesfrettschen/mesa-26-gororoba/pull/1605#discussion_r3786586398"	"docs/hardware/r3v-native-attended-producer-procedure.md"	"119"	"bound the known claim to the sampled fp24 values"	"unassessed"	""
"PRRT_kwDOR3YK5M6ZZ5qL"	"2026-08-14T20:15:19Z"	"https://github.com/Oichkatzelesfrettschen/mesa-26-gororoba/pull/1607#discussion_r3786886951"	"src/amd/r300/common/r300_r2vb_producer_pass.c"	"582"	"state the measured fp24 property without run chronology"	"unassessed"	""
"PRRT_kwDOR3YK5M6ZbztH"	"2026-08-14T22:46:33Z"	"https://github.com/Oichkatzelesfrettschen/mesa-26-gororoba/pull/1608#discussion_r3787621785"	"src/amd/r300/common/r300_us_source_read.h"	"72"	"keep the r2vb ceiling out of the generic fp24 model"	"repair-required"	"A route-specific R2VB admission bound coexists with the production FP24 storage range."
"PRRT_kwDOR3YK5M6ZbztK"	"2026-08-14T22:46:33Z"	"https://github.com/Oichkatzelesfrettschen/mesa-26-gororoba/pull/1608#discussion_r3787621789"	"docs/hardware/r3v-native-attended-producer-procedure.md"	"112"	"use the mesa ai disclosure trailer"	"superseded-on-main"	"The merged commit lacks a recognized disclosure trailer or the policy requires Generated-by for this contribution."
"PRRT_kwDOR3YK5M6Zc7p4"	"2026-08-15T01:01:52Z"	"https://github.com/Oichkatzelesfrettschen/mesa-26-gororoba/pull/1609#discussion_r3788059294"	"src/amd/r300/common/r300_r2vb_float2_tuple_pass.c"	"1"	"add copyright lines to the new file headers"	"unassessed"	""
"PRRT_kwDOR3YK5M6Zc7p6"	"2026-08-15T01:01:52Z"	"https://github.com/Oichkatzelesfrettschen/mesa-26-gororoba/pull/1609#discussion_r3788059296"	"src/amd/r300/common/tests/run_r2vb_float2_tuple_replay.sh"	"53"	"validate tuple artifacts before accepting replay"	"repair-required"	"Mutated vertex bytes, BO metadata, manifest fields, and expected carrier values are each rejected."
"PRRT_kwDOR3YK5M6Zc7p9"	"2026-08-15T01:01:52Z"	"https://github.com/Oichkatzelesfrettschen/mesa-26-gororoba/pull/1609#discussion_r3788059298"	"src/amd/r300/common/r300_r2vb_float2_tuple_pass.c"	"323"	"reset the lower vertex index clamp"	"unassessed"	""
"PRRT_kwDOR3YK5M6Zdt0h"	"2026-08-15T03:18:58Z"	"https://github.com/Oichkatzelesfrettschen/mesa-26-gororoba/pull/1610#discussion_r3788355048"	"src/amd/r300/vulkan/tests/r3v_native_float2_tuple_arming_runner_check.py"	"106"	"calibrate the runner with an armed input"	"repair-required"	"An exact digest, kernel release, and module srcversion case returns an armed verdict before mutation."
"PRRT_kwDOR3YK5M6Zdt0i"	"2026-08-15T03:18:58Z"	"https://github.com/Oichkatzelesfrettschen/mesa-26-gororoba/pull/1610#discussion_r3788355049"	"src/amd/r300/vulkan/meson.build"	"1455"	"include the tuple tests in the qualification inventory"	"unassessed"	""
"PRRT_kwDOR3YK5M6Zdt0k"	"2026-08-15T03:18:58Z"	"https://github.com/Oichkatzelesfrettschen/mesa-26-gororoba/pull/1610#discussion_r3788355051"	"docs/hardware/r3v-native-attended-float2-tuple-procedure.md"	"25"	"replace the inherited triangle specific run steps"	"unassessed"	""
"PRRT_kwDOR3YK5M6Zdt0l"	"2026-08-15T03:18:58Z"	"https://github.com/Oichkatzelesfrettschen/mesa-26-gororoba/pull/1610#discussion_r3788355052"	"src/amd/r300/vulkan/tests/r3v_native_attended_float2_tuple.c"	"2"	"add real copyright lines to every new file"	"superseded-on-main"	"A verified legal holder requires attribution across the named new files under the current policy."
"PRRT_kwDOR3YK5M6Zdt0n"	"2026-08-15T03:18:58Z"	"https://github.com/Oichkatzelesfrettschen/mesa-26-gororoba/pull/1610#discussion_r3788355054"	"src/amd/r300/vulkan/tests/r3v_native_attended_float2_tuple.c"	"356"	"reserve every readback artifact before submission"	"repair-required"	"Every final artifact name is reserved before the hazardous boundary and an EEXIST fixture prevents submission."
"PRRT_kwDOR3YK5M6ZjF1o"	"2026-08-15T22:10:39Z"	"https://github.com/Oichkatzelesfrettschen/mesa-26-gororoba/pull/1616#discussion_r3790371004"	"src/amd/r300/vulkan/tests/r3v_native_float2_tuple_cell_harness.c"	"240"	"respect the configured temporary directory"	"repair-required"	"The harness creates its private directory below a configured TMPDIR."
"PRRT_kwDOR3YK5M6Zjitu"	"2026-08-15T23:53:13Z"	"https://github.com/Oichkatzelesfrettschen/mesa-26-gororoba/pull/1618#discussion_r3790537354"	"src/amd/r300/common/r300_pm4_builder.c"	"143"	"accept the full 24 bit vertex index range"	"repair-required"	"The builder and first-draw resolver accept 0xffffff and reject 0x1000000."
"PRRT_kwDOR3YK5M6Zj7c7"	"2026-08-16T01:30:51Z"	"https://github.com/Oichkatzelesfrettschen/mesa-26-gororoba/pull/1619#discussion_r3790681005"	"src/amd/r300/common/r300_r2vb_fetch_pass.c"	"52"	"reject 65 536 vertices before encoding the draw"	"repair-required"	"The exact 65536 boundary is rejected before encoding while 65535 remains accepted."
"PRRT_kwDOR3YK5M6Zj8uP"	"2026-08-16T01:35:54Z"	"https://github.com/Oichkatzelesfrettschen/mesa-26-gororoba/pull/1620#discussion_r3790688234"	"src/amd/r300/common/r300_r2vb_target_state.c"	"14"	"accept the full 13 bit scissor extent domain"	"repair-required"	"The supported 4096-wide layout emits an encodable scissor and the first unencodable coordinate fails."
"PRRT_kwDOR3YK5M6Zj9sd"	"2026-08-16T01:39:45Z"	"https://github.com/Oichkatzelesfrettschen/mesa-26-gororoba/pull/1621#discussion_r3790693880"	"src/amd/r300/common/r300_pm4_compose.c"	"57"	"reject writers aliased through the role map"	"repair-required"	"Two writing roles mapped to one chunk are rejected as multiple owners."
"PRRT_kwDOR3YK5M6Zj9sf"	"2026-08-16T01:39:45Z"	"https://github.com/Oichkatzelesfrettschen/mesa-26-gororoba/pull/1621#discussion_r3790693882"	"src/amd/r300/common/r300_pm4_compose.c"	"82"	"reject relocation indexes that overflow the payload"	"repair-required"	"UINT32_MAX divided by four is accepted and the next chunk index returns EOVERFLOW before copying."
"PRRT_kwDOR3YK5M6Zj9sg"	"2026-08-16T01:39:45Z"	"https://github.com/Oichkatzelesfrettschen/mesa-26-gororoba/pull/1621#discussion_r3790693883"	"src/amd/r300/common/r300_pm4_compose.h"	"37"	"ground the kernel resolution claim in its source"	"repair-required"	"The comment names the authoritative kernel parser and a reproducible symbol search."
"PRRT_kwDOR3YK5M6Zj9si"	"2026-08-16T01:39:45Z"	"https://github.com/Oichkatzelesfrettschen/mesa-26-gororoba/pull/1621#discussion_r3790693885"	"src/amd/r300/common/r300_pm4_compose.c"	"45"	"reject duplicate descriptors for one relocation payload"	"repair-required"	"Two descriptors naming one dword index are rejected before the copy pass."
"PRRT_kwDOR3YK5M6ZkBxx"	"2026-08-16T01:56:02Z"	"https://github.com/Oichkatzelesfrettschen/mesa-26-gororoba/pull/1622#discussion_r3790717204"	"src/amd/r300/common/tests/r300_r2vb_reingest_compose_parity_test.c"	"109"	"compare relocation domains in the parity verdict"	"unassessed"	""
"PRRT_kwDOR3YK5M6ZkUvF"	"2026-08-16T03:13:19Z"	"https://github.com/Oichkatzelesfrettschen/mesa-26-gororoba/pull/1623#discussion_r3790825857"	"docs/hardware/r3v-native-attended-float2-tuple-procedure.md"	"122"	"correct the three dword delta description"	"repair-required"	"The note accounts separately for the first-draw MIN pair and the widened MAX/MIN run."
"PRRT_kwDOR3YK5M6Zm_Mk"	"2026-08-16T13:16:49Z"	"https://github.com/Oichkatzelesfrettschen/mesa-26-gororoba/pull/1624#discussion_r3791831680"	"src/amd/r300/common/tests/r300_r2vb_reingest_compose_parity_test.c"	"116"	"replace the deictic uma target with exact chip identity"	"repair-required"	"The comment names RS482 explicitly or binds the assertion only to the DRM domain constant."
"PRRT_kwDOR3YK5M6ZpvmL"	"2026-08-16T21:38:07Z"	"https://github.com/Oichkatzelesfrettschen/mesa-26-gororoba/pull/1626#discussion_r3792879568"	"src/amd/r300/vulkan/tests/r3v_native_status_load_machine.c"	"92"	"reuse the failed sequence number for abort"	"unassessed"	""
"PRRT_kwDOR3YK5M6ZpvmN"	"2026-08-16T21:38:07Z"	"https://github.com/Oichkatzelesfrettschen/mesa-26-gororoba/pull/1626#discussion_r3792879570"	"src/amd/r300/vulkan/tests/r3v_native_status_load_machine.c"	"219"	"require a fresh enter read before every submission"	"unassessed"	""
"PRRT_kwDOR3YK5M6ZpvmP"	"2026-08-16T21:38:07Z"	"https://github.com/Oichkatzelesfrettschen/mesa-26-gororoba/pull/1626#discussion_r3792879572"	"src/amd/r300/vulkan/tests/r3v_native_status_load_machine.c"	"24"	"reject malformed json fields before formatting"	"unassessed"	""
"PRRT_kwDOR3YK5M6ZpvmS"	"2026-08-16T21:38:07Z"	"https://github.com/Oichkatzelesfrettschen/mesa-26-gororoba/pull/1626#discussion_r3792879575"	"src/amd/r300/vulkan/tests/r3v_native_status_load_machine_test.c"	"368"	"fail calibration when transcript writes fail"	"unassessed"	""
"PRRT_kwDOR3YK5M6ZpvmV"	"2026-08-16T21:38:07Z"	"https://github.com/Oichkatzelesfrettschen/mesa-26-gororoba/pull/1626#discussion_r3792879578"	"src/amd/r300/vulkan/tests/r3v_native_status_load_machine.c"	"253"	"retain the carrier before aborting on a mismatch"	"unassessed"	""
"PRRT_kwDOR3YK5M6Zpwd7"	"2026-08-16T21:40:51Z"	"https://github.com/Oichkatzelesfrettschen/mesa-26-gororoba/pull/1627#discussion_r3792884541"	"src/gallium/drivers/r300/r300_screen.c"	"758"	"record discovery for the callback flow claim"	"unassessed"	""
"PRRT_kwDOR3YK5M6ZqoN-"	"2026-08-17T00:33:28Z"	"https://github.com/Oichkatzelesfrettschen/mesa-26-gororoba/pull/1630#discussion_r3793211490"	"src/amd/r300/vulkan/tests/r3v_native_attended_status_load_float2_tuple.c"	"675"	"preserve evidence separately for every serial submission"	"unassessed"	""
"PRRT_kwDOR3YK5M6ZqoN_"	"2026-08-17T00:33:28Z"	"https://github.com/Oichkatzelesfrettschen/mesa-26-gororoba/pull/1630#discussion_r3793211491"	"src/amd/r300/vulkan/tests/r3v_native_attended_status_load_float2_tuple.c"	"198"	"validate the sampler protocol envelope before arming"	"unassessed"	""
"PRRT_kwDOR3YK5M6ZrX1D"	"2026-08-17T02:35:30Z"	"https://github.com/Oichkatzelesfrettschen/mesa-26-gororoba/pull/1631#discussion_r3793497160"	"src/amd/r300/vulkan/tests/r3v_native_serial_cell_harness.c"	"127"	"derive the harness directory from an explicit root"	"repair-required"	"The harness creates its directory below an explicit configured temporary root."
"PRRT_kwDOR3YK5M6ZrX1F"	"2026-08-17T02:35:31Z"	"https://github.com/Oichkatzelesfrettschen/mesa-26-gororoba/pull/1631#discussion_r3793497163"	"src/amd/r300/vulkan/r3v_native_queue.c"	"807"	"attach symbol discovery to the arming claim"	"unassessed"	""
"PRRT_kwDOR3YK5M6ZrX1I"	"2026-08-17T02:35:31Z"	"https://github.com/Oichkatzelesfrettschen/mesa-26-gororoba/pull/1631#discussion_r3793497167"	"src/amd/r300/vulkan/r3v_native_queue.c"	"814"	"bind semantic retention to the submitted cell"	"unassessed"	""
"PRRT_kwDOR3YK5M6ZrX1K"	"2026-08-17T02:35:31Z"	"https://github.com/Oichkatzelesfrettschen/mesa-26-gororoba/pull/1631#discussion_r3793497170"	"src/amd/r300/vulkan/r3v_native_queue.c"	"923"	"distinguish refused attempts from admissions"	"unassessed"	""
"PRRT_kwDOR3YK5M6Zsg50"	"2026-08-17T05:06:54Z"	"https://github.com/Oichkatzelesfrettschen/mesa-26-gororoba/pull/1633#discussion_r3793931168"	"src/amd/r300/vulkan/tests/r3v_native_attended_status_load_float2_tuple.c"	"745"	"stop waiting when the sampler has already stopped"	"unassessed"	""
"PRRT_kwDOR3YK5M6Zsg5y"	"2026-08-17T05:06:54Z"	"https://github.com/Oichkatzelesfrettschen/mesa-26-gororoba/pull/1633#discussion_r3793931165"	"src/amd/r300/vulkan/tests/r3v_native_attended_status_load_float2_tuple.c"	"745"	"place the census gate immediately before submission"	"unassessed"	""
"PRRT_kwDOR3YK5M6Zs0iX"	"2026-08-17T05:42:11Z"	"https://github.com/Oichkatzelesfrettschen/mesa-26-gororoba/pull/1634#discussion_r3794048564"	"src/amd/r300/vulkan/tests/r3v_native_attended_status_load_float2_tuple.c"	"456"	"verify the sampler mode before declaring census absence"	"unassessed"	""
"PRRT_kwDOR3YK5M6Zs0iZ"	"2026-08-17T05:42:12Z"	"https://github.com/Oichkatzelesfrettschen/mesa-26-gororoba/pull/1634#discussion_r3794048569"	"src/amd/r300/vulkan/tests/r3v_native_attended_status_load_float2_tuple.c"	"749"	"synchronize both control legs on the same barrier"	"unassessed"	""
"PRRT_kwDOR3YK5M6Z6OR5"	"2026-08-17T22:08:34Z"	"https://github.com/Oichkatzelesfrettschen/mesa-26-gororoba/pull/1635#discussion_r3799168324"	"src/gallium/drivers/r300/r300_r2vb.c"	"1"	"restore the truncated gallium r300 r2vb source"	"unassessed"	""
"PRRT_kwDOR3YK5M6Z6OR9"	"2026-08-17T22:08:34Z"	"https://github.com/Oichkatzelesfrettschen/mesa-26-gororoba/pull/1635#discussion_r3799168328"	"src/amd/r300/vulkan/r3v_pipeline.c"	"1"	"restore the truncated r3v pipeline source"	"unassessed"	""
"PRRT_kwDOR3YK5M6Z6OSA"	"2026-08-17T22:08:34Z"	"https://github.com/Oichkatzelesfrettschen/mesa-26-gororoba/pull/1635#discussion_r3799168333"	"src/gallium/drivers/r300/ci/gitlab-ci-inc.yml"	"16"	"include the relocated gallium tests in r300 ci rules"	"unassessed"	""
"PRRT_kwDOR3YK5M6aUhQv"	"2026-08-19T01:40:42Z"	"https://github.com/Oichkatzelesfrettschen/mesa-26-gororoba/pull/1638#discussion_r3809414970"	"src/amd/r300/compiler/r300_r2vb_nir.c"	"186"	"restore the restager symbol discovery record"	"repair-required"	"The comment names a repository-relative command that locates the restager and its passes."
"PRRT_kwDOR3YK5M6aUw6Y"	"2026-08-19T02:04:19Z"	"https://github.com/Oichkatzelesfrettschen/mesa-26-gororoba/pull/1639#discussion_r3809511892"	"src/amd/r300/common/r300_pm4_builder.c"	"173"	"reserve the complete immediate draw before writing its prefix"	"repair-required"	"A one-dword-short destination preserves both the prior words and builder count unchanged."
"PRRT_kwDOR3YK5M6aV-cR"	"2026-08-19T04:12:56Z"	"https://github.com/Oichkatzelesfrettschen/mesa-26-gororoba/pull/1641#discussion_r3809991210"	"src/amd/r300/vulkan/r3v_native_queue.c"	"1010"	"keep transcript i o outside timed transport intervals"	"unassessed"	""
"PRRT_kwDOR3YK5M6aV-cS"	"2026-08-19T04:12:56Z"	"https://github.com/Oichkatzelesfrettschen/mesa-26-gororoba/pull/1641#discussion_r3809991213"	"src/amd/r300/vulkan/tests/r3v_native_attended_status_load_float2_tuple.c"	"362"	"perform the status query inside its labeled interval"	"unassessed"	""
"PRRT_kwDOR3YK5M6aV-cU"	"2026-08-19T04:12:56Z"	"https://github.com/Oichkatzelesfrettschen/mesa-26-gororoba/pull/1641#discussion_r3809991215"	"src/amd/r300/vulkan/tests/r3v_native_attended_status_load_float2_tuple.c"	"230"	"validate protocol identity before retaining the datagram"	"unassessed"	""
"PRRT_kwDOR3YK5M6aftQZ"	"2026-08-19T14:14:03Z"	"https://github.com/Oichkatzelesfrettschen/mesa-26-gororoba/pull/1643#discussion_r3813763066"	"src/amd/r300/cpu/r300_cpu_vertex_job.c"	"179"	"force separate dp4 multiply and add roundings"	"unassessed"	""
"PRRT_kwDOR3YK5M6aftQk"	"2026-08-19T14:14:03Z"	"https://github.com/Oichkatzelesfrettschen/mesa-26-gororoba/pull/1643#discussion_r3813763080"	"src/amd/r300/cpu/r300_cpu_vertex_job.c"	"21"	"decode gathered lanes from little endian bytes"	"unassessed"	""
"PRRT_kwDOR3YK5M6aftQu"	"2026-08-19T14:14:03Z"	"https://github.com/Oichkatzelesfrettschen/mesa-26-gororoba/pull/1643#discussion_r3813763093"	"src/amd/r300/cpu/r300_cpu_vertex_job.c"	"129"	"preserve 64 bit vertex indices across the loop"	"unassessed"	""
"PRRT_kwDOR3YK5M6agIl-"	"2026-08-19T14:33:35Z"	"https://github.com/Oichkatzelesfrettschen/mesa-26-gororoba/pull/1644#discussion_r3813928240"	"src/amd/r300/compiler/r300_vertex_job_nir.h"	"19"	"add the discovery method for the all consumer claim"	"unassessed"	""
"PRRT_kwDOR3YK5M6agIl4"	"2026-08-19T14:33:35Z"	"https://github.com/Oichkatzelesfrettschen/mesa-26-gororoba/pull/1644#discussion_r3813928232"	"src/amd/r300/compiler/r300_vertex_job_nir.c"	"203"	"preserve fused semantics when lowering ffma"	"unassessed"	""
"PRRT_kwDOR3YK5M6agImF"	"2026-08-19T14:33:35Z"	"https://github.com/Oichkatzelesfrettschen/mesa-26-gororoba/pull/1644#discussion_r3813928248"	"src/amd/r300/vulkan/r3v_native_cell.c"	"462"	"describe computed positions in the viewport contract"	"unassessed"	""
"PRRT_kwDOR3YK5M6ahapL"	"2026-08-19T15:35:07Z"	"https://github.com/Oichkatzelesfrettschen/mesa-26-gororoba/pull/1646#discussion_r3814423871"	"src/amd/r300/cpu/r300_cpu_vertex_job.c"	"274"	"define nan propagation before asserting bit identity"	"unassessed"	""
"PRRT_kwDOR3YK5M6ahkG-"	"2026-08-19T15:41:34Z"	"https://github.com/Oichkatzelesfrettschen/mesa-26-gororoba/pull/1647#discussion_r3814479965"	"src/amd/r300/vulkan/tests/r3v_native_attended_status_load_float2_tuple.c"	"730"	"cite the transport claim s symbol discovery path"	"unassessed"	""
"PRRT_kwDOR3YK5M6ahkHF"	"2026-08-19T15:41:34Z"	"https://github.com/Oichkatzelesfrettschen/mesa-26-gororoba/pull/1647#discussion_r3814479975"	"src/amd/r300/vulkan/tests/r3v_native_attended_status_load_float2_tuple.c"	"740"	"validate the nonce before consuming authorization"	"unassessed"	""
"PRRT_kwDOR3YK5M6ahkHN"	"2026-08-19T15:41:34Z"	"https://github.com/Oichkatzelesfrettschen/mesa-26-gororoba/pull/1647#discussion_r3814479988"	"src/amd/r300/vulkan/tests/r3v_native_attended_status_load_float2_tuple.c"	"743"	"retain preparation failures in the outcome"	"unassessed"	""
"PRRT_kwDOR3YK5M6ajnPC"	"2026-08-19T17:31:25Z"	"https://github.com/Oichkatzelesfrettschen/mesa-26-gororoba/pull/1648#discussion_r3815282988"	"src/amd/r300/vulkan/tests/r3v_native_burst_cell_harness.c"	"480"	"derive the evidence directory from an explicit root"	"unassessed"	""
"PRRT_kwDOR3YK5M6ajnPI"	"2026-08-19T17:31:25Z"	"https://github.com/Oichkatzelesfrettschen/mesa-26-gororoba/pull/1648#discussion_r3815282998"	"src/amd/r300/common/r300_r2vb_float2_tuple_pass.c"	"64"	"add discovery provenance to the float 4 fetch claim"	"repair-required"	"The comment names the owning register contract and a command that locates it."
"PRRT_kwDOR3YK5M6ajnPN"	"2026-08-19T17:31:25Z"	"https://github.com/Oichkatzelesfrettschen/mesa-26-gororoba/pull/1648#discussion_r3815283005"	"src/amd/r300/common/tests/run_r2vb_float2_tuple_burst_replay.sh"	"149"	"rename the replay tooling to describe both fetch widths"	"repair-required"	"Durable tool names describe both fetch widths or each width has a separately named tool."
"PRRT_kwDOR3YK5M6ao044"	"2026-08-19T22:52:42Z"	"https://github.com/Oichkatzelesfrettschen/mesa-26-gororoba/pull/1651#discussion_r3817323868"	"src/amd/r300/vulkan/r3v_native_queue.c"	"1387"	"mark the transport completed before returning the verdict"	"unassessed"	""
"PRRT_kwDOR3YK5M6ao04o"	"2026-08-19T22:52:42Z"	"https://github.com/Oichkatzelesfrettschen/mesa-26-gororoba/pull/1651#discussion_r3817323843"	"src/amd/r300/vulkan/r3v_native_cell.c"	"645"	"apply the viewport transform before emitting producer records"	"unassessed"	""
"PRRT_kwDOR3YK5M6ao04s"	"2026-08-19T22:52:42Z"	"https://github.com/Oichkatzelesfrettschen/mesa-26-gororoba/pull/1651#discussion_r3817323849"	"src/amd/r300/vulkan/r3v_native_cell.c"	"703"	"defer command buffer mutation until carrier mapping succeeds"	"unassessed"	""
"PRRT_kwDOR3YK5M6ao04y"	"2026-08-19T22:52:42Z"	"https://github.com/Oichkatzelesfrettschen/mesa-26-gororoba/pull/1651#discussion_r3817323858"	"src/amd/r300/vulkan/r3v_native_cell.c"	"785"	"propagate observed carrier retention failures"	"unassessed"	""
"PRRT_kwDOR3YK5M6ao71J"	"2026-08-19T23:00:53Z"	"https://github.com/Oichkatzelesfrettschen/mesa-26-gororoba/pull/1652#discussion_r3817367141"	"src/amd/r300/vulkan/tests/r3v_native_separation_audit.py"	"72"	"handle elif when tracking native active regions"	"unassessed"	""
"PRRT_kwDOR3YK5M6ao71M"	"2026-08-19T23:00:53Z"	"https://github.com/Oichkatzelesfrettschen/mesa-26-gororoba/pull/1652#discussion_r3817367144"	"src/amd/r300/vulkan/tests/r3v_native_separation_audit.py"	"150"	"parse split include directory arguments"	"unassessed"	""
"PRRT_kwDOR3YK5M6ao71N"	"2026-08-19T23:00:53Z"	"https://github.com/Oichkatzelesfrettschen/mesa-26-gororoba/pull/1652#discussion_r3817367147"	"src/amd/r300/vulkan/tests/r3v_native_separation_audit.py"	"180"	"reject artifacts without a dynamic section"	"unassessed"	""
"PRRT_kwDOR3YK5M6ao71O"	"2026-08-19T23:00:53Z"	"https://github.com/Oichkatzelesfrettschen/mesa-26-gororoba/pull/1652#discussion_r3817367148"	"src/amd/r300/vulkan/r3v_physical_device.c"	"30"	"attach a discovery method to the header origin claim"	"unassessed"	""
"PRRT_kwDOR3YK5M6ao71S"	"2026-08-19T23:00:53Z"	"https://github.com/Oichkatzelesfrettschen/mesa-26-gororoba/pull/1652#discussion_r3817367155"	"src/amd/r300/vulkan/meson.build"	"414"	"give the pipe format provenance one canonical home"	"unassessed"	""
"PRRT_kwDOR3YK5M6bF0Bc"	"2026-08-21T08:31:32Z"	"https://github.com/Oichkatzelesfrettschen/mesa-26-gororoba/pull/1673#discussion_r3828686140"	"src/amd/r300/cpu/r300_cpu_compute_job.c"	"52"	"preserve the shader s x only invocation domain"	"repair-required"	"Validation confines local and group Y/Z to one or execution follows the shader's actual indexing."
"PRRT_kwDOR3YK5M6bF0Bq"	"2026-08-21T08:31:32Z"	"https://github.com/Oichkatzelesfrettschen/mesa-26-gororoba/pull/1673#discussion_r3828686159"	"src/amd/r300/cpu/r300_cpu_compute_job.c"	"39"	"accept zero sized dispatches as no ops"	"repair-required"	"Every zero group-count axis returns success with zero invocations and touches no buffer."
"PRRT_kwDOR3YK5M6bF0B5"	"2026-08-21T08:31:33Z"	"https://github.com/Oichkatzelesfrettschen/mesa-26-gororoba/pull/1673#discussion_r3828686179"	"src/amd/r300/common/r300_compute_spirv.c"	"456"	"check instruction length before reading operands"	"unassessed"	""
"PRRT_kwDOR3YK5M6bF0Bw"	"2026-08-21T08:31:33Z"	"https://github.com/Oichkatzelesfrettschen/mesa-26-gororoba/pull/1673#discussion_r3828686166"	"src/amd/r300/cpu/r300_cpu_compute_job.c"	"81"	"permit identical input and output descriptor ranges"	"repair-required"	"An exact alias succeeds for identity while partial order-dependent overlaps still fail."
"PRRT_kwDOR3YK5M6bGNq5"	"2026-08-21T08:53:41Z"	"https://github.com/Oichkatzelesfrettschen/mesa-26-gororoba/pull/1674#discussion_r3828839395"	"src/amd/r300/common/r300_vertex_spirv.c"	"716"	"keep the position store as the final emitted instruction"	"unassessed"	""
"PRRT_kwDOR3YK5M6bGNqz"	"2026-08-21T08:53:41Z"	"https://github.com/Oichkatzelesfrettschen/mesa-26-gororoba/pull/1674#discussion_r3828839382"	"src/amd/r300/common/r300_vertex_spirv.c"	"333"	"validate instruction length before reading operands"	"unassessed"	""
"PRRT_kwDOR3YK5M6bGb9D"	"2026-08-21T09:05:30Z"	"https://github.com/Oichkatzelesfrettschen/mesa-26-gororoba/pull/1674#discussion_r3828927258"	"src/amd/r300/common/r300_vertex_spirv.c"	"359"	"match opentrypoint s name before admitting the stage"	"unassessed"	""
"PRRT_kwDOR3YK5M6bXPWo"	"2026-08-22T07:02:40Z"	"https://github.com/Oichkatzelesfrettschen/mesa-26-gororoba/pull/1681#discussion_r3835466954"	"src/amd/r300/common/tests/fixtures/r300_common_boundary_known_bad_object.c"	"8"	"declare the known bad fixture entry point"	"fixed-on-main"	"A warning-clean build still reports a missing prototype for the fixture entry point."
"PRRT_kwDOR3YK5M6bXyZt"	"2026-08-22T09:04:38Z"	"https://github.com/Oichkatzelesfrettschen/mesa-26-gororoba/pull/1687#discussion_r3835674969"	"src/amd/r300/vulkan/tests/r3v_gallium_ownership_disposition.py"	"369"	"verify that each basis consumes the candidate"	"unassessed"	""
"PRRT_kwDOR3YK5M6bXyZv"	"2026-08-22T09:04:38Z"	"https://github.com/Oichkatzelesfrettschen/mesa-26-gororoba/pull/1687#discussion_r3835674972"	"src/amd/r300/vulkan/tests/r3v_gallium_ownership_disposition.py"	"224"	"include shared loader files in the retirement scope"	"unassessed"	""
"PRRT_kwDOR3YK5M6bblRq"	"2026-08-22T22:00:13Z"	"https://github.com/Oichkatzelesfrettschen/mesa-26-gororoba/pull/1698#discussion_r3837116726"	"meson.options"	"923"	"enable the surviving backend in every ati r300 build"	"fixed-on-main"	"An ati_r300 profile configures successfully without producing libvulkan_r3v.so and its ICD manifest."
"PRRT_kwDOR3YK5M6bdQpE"	"2026-08-23T05:04:41Z"	"https://github.com/Oichkatzelesfrettschen/mesa-26-gororoba/pull/1715#discussion_r3837747220"	"docs/hardware/r3v-native-attended-cell-procedure.md"	"121"	"nitpick the statement that the suites run with r3v native manifest dir withheld is false for the r3v native float2 tuple cell external manifest ignored test its meson test definition explicitly sets r3v native manifest dir to meson curren"	"unassessed"	""
"PRRT_kwDOR3YK5M6bepfU"	"2026-08-23T10:26:39Z"	"https://github.com/Oichkatzelesfrettschen/mesa-26-gororoba/pull/1726#discussion_r3838273263"	"src/amd/r300/vulkan/r3v_native_queue.c"	"795"	"clear compute route classification on host only submits"	"unassessed"	""
"PRRT_kwDOR3YK5M6bij-s"	"2026-08-23T22:25:43Z"	"https://github.com/Oichkatzelesfrettschen/mesa-26-gororoba/pull/1744#discussion_r3839759693"	"src/amd/r300/vulkan/r3v_native_queue.c"	"1222"	"apply query transitions on prepared submissions"	"unassessed"	""
"PRRT_kwDOR3YK5M6bimU5"	"2026-08-23T22:32:15Z"	"https://github.com/Oichkatzelesfrettschen/mesa-26-gororoba/pull/1746#discussion_r3839773176"	"src/amd/r300/vulkan/r3v_native_queue.c"	"1229"	"handle event operations on prepared submissions"	"unassessed"	""
"PRRT_kwDOR3YK5M6bwuq0"	"2026-08-24T15:56:46Z"	"https://github.com/Oichkatzelesfrettschen/mesa-26-gororoba/pull/1756#discussion_r3845178814"	"src/amd/r300/vulkan/tests/r3v_kernel_memory_contract_pins.tsv"	"10"	"pin the two gtt geometry rows consumed by the model"	"fixed-on-main"	"Changing either consumed geometry row leaves the pin check green."
"PRRT_kwDOR3YK5M6b1p5-"	"2026-08-24T20:12:38Z"	"https://github.com/Oichkatzelesfrettschen/mesa-26-gororoba/pull/1761#discussion_r3847090298"	"src/amd/r300/vulkan/tests/r3v_conformance_runner.py"	"480"	"refuse to grade mismatched source identities"	"unassessed"	""
"PRRT_kwDOR3YK5M6b1p6C"	"2026-08-24T20:12:38Z"	"https://github.com/Oichkatzelesfrettschen/mesa-26-gororoba/pull/1761#discussion_r3847090306"	"src/amd/r300/vulkan/tests/r3v_conformance_runner.py"	"389"	"fail runs that report a late framework abort"	"unassessed"	""
"PRRT_kwDOR3YK5M6b1p6J"	"2026-08-24T20:12:38Z"	"https://github.com/Oichkatzelesfrettschen/mesa-26-gororoba/pull/1761#discussion_r3847090316"	"src/amd/r300/vulkan/tests/r3v_conformance_runner.py"	"312"	"keep incomplete case records non passing"	"unassessed"	""
"PRRT_kwDOR3YK5M6b1p6O"	"2026-08-24T20:12:38Z"	"https://github.com/Oichkatzelesfrettschen/mesa-26-gororoba/pull/1761#discussion_r3847090320"	"src/amd/r300/vulkan/tests/r3v_conformance_runner.py"	"435"	"require a fresh output directory before parsing artifacts"	"unassessed"	""
"PRRT_kwDOR3YK5M6b1p6S"	"2026-08-24T20:12:38Z"	"https://github.com/Oichkatzelesfrettschen/mesa-26-gororoba/pull/1761#discussion_r3847090325"	"src/amd/r300/vulkan/tests/r3v_conformance_runner_fixture_info.qpa"	"8"	"remove the local absolute path from the fixture"	"repair-required"	"The fixture retains the session-field shape with a neutral or repository-relative log path."
"PRRT_kwDOR3YK5M6b1p6V"	"2026-08-24T20:12:38Z"	"https://github.com/Oichkatzelesfrettschen/mesa-26-gororoba/pull/1761#discussion_r3847090328"	"src/amd/r300/vulkan/tests/r3v_conformance_runner.py"	"233"	"verify that the drm shim preload actually succeeded"	"unassessed"	""
"PRRT_kwDOR3YK5M6b1p6Z"	"2026-08-24T20:12:39Z"	"https://github.com/Oichkatzelesfrettschen/mesa-26-gororoba/pull/1761#discussion_r3847090335"	"src/amd/r300/vulkan/tests/r3v_conformance_runner.py"	"292"	"reject duplicate case records in the qpa log"	"unassessed"	""
"PRRT_kwDOR3YK5M6b1p6m"	"2026-08-24T20:12:39Z"	"https://github.com/Oichkatzelesfrettschen/mesa-26-gororoba/pull/1761#discussion_r3847090348"	"src/amd/r300/vulkan/tests/r3v_conformance_runner.py"	"71"	"record environment variables that select runtime identity"	"unassessed"	""
"PRRT_kwDOR3YK5M6b1p6r"	"2026-08-24T20:12:39Z"	"https://github.com/Oichkatzelesfrettschen/mesa-26-gororoba/pull/1761#discussion_r3847090356"	"src/amd/r300/vulkan/tests/r3v_conformance_runner.py"	"257"	"preserve repeated dmesg events in the run delta"	"unassessed"	""
"PRRT_kwDOR3YK5M6b1p6x"	"2026-08-24T20:12:39Z"	"https://github.com/Oichkatzelesfrettschen/mesa-26-gororoba/pull/1761#discussion_r3847090362"	"src/amd/r300/vulkan/tests/r3v_conformance_runner.py"	"541"	"require the qpa session identity fields"	"unassessed"	""
"PRRT_kwDOR3YK5M6b3cjS"	"2026-08-24T21:55:46Z"	"https://github.com/Oichkatzelesfrettschen/mesa-26-gororoba/pull/1767#discussion_r3847791283"	"src/amd/r300/vulkan/tests/r3v_conformance_runner.py"	"113"	"enforce each slice s required evidence class"	"unassessed"	""
"PRRT_kwDOR3YK5M6b3ziV"	"2026-08-24T22:18:59Z"	"https://github.com/Oichkatzelesfrettschen/mesa-26-gororoba/pull/1767#discussion_r3847933055"	"src/amd/r300/vulkan/tests/r3v_conformance_runner.py"	"98"	"require hazard identity before launching an ad hoc run"	"unassessed"	""
"PRRT_kwDOR3YK5M6b3zid"	"2026-08-24T22:18:59Z"	"https://github.com/Oichkatzelesfrettschen/mesa-26-gororoba/pull/1767#discussion_r3847933062"	"src/amd/r300/vulkan/tests/r3v_conformance_runner.py"	"109"	"bind the deqp executable to the pinned cts revision"	"unassessed"	""
"PRRT_kwDOR3YK5M6b3zih"	"2026-08-24T22:19:00Z"	"https://github.com/Oichkatzelesfrettschen/mesa-26-gororoba/pull/1767#discussion_r3847933067"	"src/amd/r300/vulkan/tests/r3v_conformance_runner.py"	"494"	"record one consistent caselist digest in the receipt"	"unassessed"	""
"PRRT_kwDOR3YK5M6b3zio"	"2026-08-24T22:19:00Z"	"https://github.com/Oichkatzelesfrettschen/mesa-26-gororoba/pull/1767#discussion_r3847933076"	"src/amd/r300/vulkan/tests/r3v_conformance_runner.py"	"501"	"clear stale artifacts before recording a refused rerun"	"unassessed"	""
"PRRT_kwDOR3YK5M6b4Obe"	"2026-08-24T22:49:31Z"	"https://github.com/Oichkatzelesfrettschen/mesa-26-gororoba/pull/1770#discussion_r3848099590"	"src/amd/r300/vulkan/tests/r3v_native_plan_tool.c"	"159"	"preserve the dso identity observed during capture"	"fixed-on-main"	"A mismatched DSO digest seals successfully."
"PRRT_kwDOR3YK5M6b4Obj"	"2026-08-24T22:49:31Z"	"https://github.com/Oichkatzelesfrettschen/mesa-26-gororoba/pull/1770#discussion_r3848099597"	"src/amd/r300/vulkan/tests/r3v_native_plan_tool.c"	"160"	"reject overlong identity arguments instead of truncating them"	"fixed-on-main"	"An overlong valid prefix plus garbage is silently truncated and accepted."
"PRRT_kwDOR3YK5M6b4UK-"	"2026-08-24T22:56:21Z"	"https://github.com/Oichkatzelesfrettschen/mesa-26-gororoba/pull/1771#discussion_r3848134451"	"src/amd/r300/vulkan/tests/r3v_conformance_runner.py"	"576"	"match runtime events to the current boot"	"unassessed"	""
"PRRT_kwDOR3YK5M6b4UK1"	"2026-08-24T22:56:21Z"	"https://github.com/Oichkatzelesfrettschen/mesa-26-gororoba/pull/1771#discussion_r3848134436"	"src/amd/r300/vulkan/tests/r3v_conformance_runner.py"	"648"	"compare the declared caselist against its file digest"	"unassessed"	""
"PRRT_kwDOR3YK5M6b4UK3"	"2026-08-24T22:56:21Z"	"https://github.com/Oichkatzelesfrettschen/mesa-26-gororoba/pull/1771#discussion_r3848134439"	"src/amd/r300/vulkan/tests/r3v_conformance_runner.py"	"974"	"preserve the receipt path used by the tamper selftest"	"unassessed"	""
"PRRT_kwDOR3YK5M6b4UK5"	"2026-08-24T22:56:21Z"	"https://github.com/Oichkatzelesfrettschen/mesa-26-gororoba/pull/1771#discussion_r3848134442"	"src/amd/r300/vulkan/tests/r3v_conformance_runner.py"	"670"	"downgrade identity mismatches from verified result"	"unassessed"	""
"PRRT_kwDOR3YK5M6b4UK8"	"2026-08-24T22:56:21Z"	"https://github.com/Oichkatzelesfrettschen/mesa-26-gororoba/pull/1771#discussion_r3848134448"	"src/amd/r300/vulkan/tests/r3v_conformance_runner.py"	"78"	"isolate home from user installed vulkan layers"	"unassessed"	""
"PRRT_kwDOR3YK5M6b4UKy"	"2026-08-24T22:56:21Z"	"https://github.com/Oichkatzelesfrettschen/mesa-26-gororoba/pull/1771#discussion_r3848134430"	"src/amd/r300/vulkan/tests/r3v_conformance_runner.py"	"524"	"drain child output while supervising deqp"	"unassessed"	""
"PRRT_kwDOR3YK5M6b4ULB"	"2026-08-24T22:56:21Z"	"https://github.com/Oichkatzelesfrettschen/mesa-26-gororoba/pull/1771#discussion_r3848134454"	"src/amd/r300/vulkan/tests/r3v_conformance_runner.py"	"527"	"start the case deadline only after a case begins"	"unassessed"	""
"PRRT_kwDOR3YK5M6b4WuJ"	"2026-08-24T22:59:18Z"	"https://github.com/Oichkatzelesfrettschen/mesa-26-gororoba/pull/1770#discussion_r3848150471"	"src/amd/r300/vulkan/tests/r3v_native_plan_tool.c"	"127"	"parse numeric authorization options strictly"	"fixed-on-main"	"Trailing garbage or overflow seals a plan."
"PRRT_kwDOR3YK5M6b4bt0"	"2026-08-24T23:05:34Z"	"https://github.com/Oichkatzelesfrettschen/mesa-26-gororoba/pull/1772#discussion_r3848181432"	"src/amd/r300/vulkan/tests/r3v_native_queue_claim_report.c"	"41"	"include all verb row fields in the ledger digest"	"fixed-on-main"	"Changing any semantic row field leaves the receipt digest unchanged."
"PRRT_kwDOR3YK5M6b4bt2"	"2026-08-24T23:05:34Z"	"https://github.com/Oichkatzelesfrettschen/mesa-26-gororoba/pull/1772#discussion_r3848181434"	"src/amd/r300/vulkan/tests/r3v_conformance_runner.py"	"576"	"bind runtime events to the current boot"	"unassessed"	""
"PRRT_kwDOR3YK5M6b4bt5"	"2026-08-24T23:05:34Z"	"https://github.com/Oichkatzelesfrettschen/mesa-26-gororoba/pull/1772#discussion_r3848181438"	"src/amd/r300/vulkan/tests/r3v_conformance_runner.py"	"720"	"clear verified result when an expected identity mismatches"	"unassessed"	""
"PRRT_kwDOR3YK5M6b4btr"	"2026-08-24T23:05:34Z"	"https://github.com/Oichkatzelesfrettschen/mesa-26-gororoba/pull/1772#discussion_r3848181419"	"src/amd/r300/vulkan/tests/r3v_conformance_runner.py"	"524"	"drain child output while supervising deqp"	"unassessed"	""
"PRRT_kwDOR3YK5M6b4btv"	"2026-08-24T23:05:34Z"	"https://github.com/Oichkatzelesfrettschen/mesa-26-gororoba/pull/1772#discussion_r3848181425"	"src/amd/r300/vulkan/tests/r3v_conformance_runner.py"	"688"	"compare the declared caselist digest using the manifest convention"	"unassessed"	""
"PRRT_kwDOR3YK5M6b4btz"	"2026-08-24T23:05:34Z"	"https://github.com/Oichkatzelesfrettschen/mesa-26-gororoba/pull/1772#discussion_r3848181430"	"src/amd/r300/vulkan/tests/r3v_conformance_runner.py"	"600"	"reject queue reports without the required ledger digest"	"unassessed"	""
"PRRT_kwDOR3YK5M6b4bt-"	"2026-08-24T23:05:35Z"	"https://github.com/Oichkatzelesfrettschen/mesa-26-gororoba/pull/1772#discussion_r3848181444"	"src/amd/r300/vulkan/tests/r3v_conformance_runner.py"	"638"	"make partition slices compatible with the shard ceiling"	"unassessed"	""
"PRRT_kwDOR3YK5M6b4bt6"	"2026-08-24T23:05:35Z"	"https://github.com/Oichkatzelesfrettschen/mesa-26-gororoba/pull/1772#discussion_r3848181440"	"src/amd/r300/vulkan/tests/r3v_conformance_runner.py"	"283"	"record every declared environment value in the receipt"	"unassessed"	""
"PRRT_kwDOR3YK5M6b4buF"	"2026-08-24T23:05:35Z"	"https://github.com/Oichkatzelesfrettschen/mesa-26-gororoba/pull/1772#discussion_r3848181453"	"src/amd/r300/vulkan/tests/r3v_conformance_runner.py"	"541"	"track case markers rather than raw log size"	"unassessed"	""
"PRRT_kwDOR3YK5M6b4pyr"	"2026-08-24T23:23:10Z"	"https://github.com/Oichkatzelesfrettschen/mesa-26-gororoba/pull/1770#discussion_r3848268012"	"src/amd/r300/vulkan/r3v_native_queue.c"	"1664"	"mark completed transport before reporting capture i o failure"	"unassessed"	""
"PRRT_kwDOR3YK5M6b4tFW"	"2026-08-24T23:27:29Z"	"https://github.com/Oichkatzelesfrettschen/mesa-26-gororoba/pull/1772#discussion_r3848288903"	"src/amd/r300/vulkan/tests/r3v_conformance_runner.py"	"670"	"start kernel log capture before the queue report"	"unassessed"	""
"PRRT_kwDOR3YK5M6b4tFc"	"2026-08-24T23:27:29Z"	"https://github.com/Oichkatzelesfrettschen/mesa-26-gororoba/pull/1772#discussion_r3848288909"	"src/amd/r300/vulkan/tests/r3v_conformance_partition.py"	"316"	"verify that shards concatenate to the recorded slice"	"fixed-on-main"	"A resealed duplicate-or-missing shard partition verifies."
"PRRT_kwDOR3YK5M6b4tFj"	"2026-08-24T23:27:30Z"	"https://github.com/Oichkatzelesfrettschen/mesa-26-gororoba/pull/1772#discussion_r3848288916"	"src/amd/r300/vulkan/tests/r3v_conformance_runner.py"	"602"	"reject non object runtime event json"	"unassessed"	""
"PRRT_kwDOR3YK5M6b4wC-"	"2026-08-24T23:31:33Z"	"https://github.com/Oichkatzelesfrettschen/mesa-26-gororoba/pull/1770#discussion_r3848306963"	"src/amd/r300/vulkan/r3v_native_queue.c"	"1459"	"preserve the relocation count before cleanup"	"unassessed"	""
"PRRT_kwDOR3YK5M6b4wiD"	"2026-08-24T23:32:11Z"	"https://github.com/Oichkatzelesfrettschen/mesa-26-gororoba/pull/1776#discussion_r3848309818"	"src/amd/r300/vulkan/tests/r3v_cs_ioctl_trace.py"	"215"	"refuse traces whose command did not complete successfully"	"fixed-on-main"	"A missing or crashing tracee yields a witnessed zero-CS verdict."
"PRRT_kwDOR3YK5M6b4wiI"	"2026-08-24T23:32:11Z"	"https://github.com/Oichkatzelesfrettschen/mesa-26-gororoba/pull/1776#discussion_r3848309824"	"src/amd/r300/vulkan/tests/r3v_cs_ioctl_trace.py"	"70"	"exclude info from the gem aggregate"	"fixed-on-main"	"A normal INFO query is still reported as a GEM-only count."
"PRRT_kwDOR3YK5M6b4wiN"	"2026-08-24T23:32:11Z"	"https://github.com/Oichkatzelesfrettschen/mesa-26-gororoba/pull/1776#discussion_r3848309830"	"src/amd/r300/vulkan/tests/r3v_cs_ioctl_trace.py"	"364"	"fail shim calibration on every kernel entering ioctl"	"fixed-on-main"	"An unlisted kernel-entering ioctl leaves the shim calibration green."
"PRRT_kwDOR3YK5M6b4wpg"	"2026-08-24T23:32:21Z"	"https://github.com/Oichkatzelesfrettschen/mesa-26-gororoba/pull/1771#discussion_r3848310528"	"src/amd/r300/vulkan/tests/r3v_conformance_partition.py"	"319"	"reconcile shard contents with the full slice"	"fixed-on-main"	"A resealed duplicate-or-missing shard partition verifies."
"PRRT_kwDOR3YK5M6b41T8"	"2026-08-24T23:38:59Z"	"https://github.com/Oichkatzelesfrettschen/mesa-26-gororoba/pull/1772#discussion_r3848339415"	"src/amd/r300/vulkan/tests/r3v_conformance_runner.py"	"760"	"require the queue report digest for verified result"	"unassessed"	""
"PRRT_kwDOR3YK5M6b41UE"	"2026-08-24T23:38:59Z"	"https://github.com/Oichkatzelesfrettschen/mesa-26-gororoba/pull/1772#discussion_r3848339423"	"src/amd/r300/vulkan/tests/r3v_conformance_runner.py"	"707"	"bump the receipt schema for mandatory queue evidence"	"unassessed"	""
"PRRT_kwDOR3YK5M6b4-FQ"	"2026-08-24T23:51:16Z"	"https://github.com/Oichkatzelesfrettschen/mesa-26-gororoba/pull/1778#discussion_r3848393096"	"src/amd/r300/vulkan/r3v_native_plan_replay.c"	"173"	"scan for contaminating gates after exempting the claim gate"	"fixed-on-main"	"An additional open or cached hazardous gate still admits replay."
"PRRT_kwDOR3YK5M6b5DPM"	"2026-08-24T23:58:32Z"	"https://github.com/Oichkatzelesfrettschen/mesa-26-gororoba/pull/1778#discussion_r3848424786"	"src/amd/r300/vulkan/r3v_native_plan_replay.c"	"173"	"validate the gates cached on the device"	"fixed-on-main"	"An additional open or cached hazardous gate still admits replay."
"PRRT_kwDOR3YK5M6b6xcP"	"2026-08-25T02:34:51Z"	"https://github.com/Oichkatzelesfrettschen/mesa-26-gororoba/pull/1781#discussion_r3849119080"	"src/amd/r300/vulkan/tests/r3v_conformance_runner.py"	"706"	"derive the caselist digest and cases from one snapshot"	"unassessed"	""
"PRRT_kwDOR3YK5M6b6xcT"	"2026-08-25T02:34:52Z"	"https://github.com/Oichkatzelesfrettschen/mesa-26-gororoba/pull/1781#discussion_r3849119087"	"src/amd/r300/vulkan/tests/r3v_conformance_runner.py"	"1163"	"keep the byte digest rationale in one canonical comment"	"unassessed"	""
"PRRT_kwDOR3YK5M6b8Mgh"	"2026-08-25T04:57:06Z"	"https://github.com/Oichkatzelesfrettschen/mesa-26-gororoba/pull/1786#discussion_r3849684198"	"src/amd/r300/vulkan/tests/r3v_conformance_runner.py"	"855"	"propagate per case shutdown deadlines to the shard verdict"	"unassessed"	""
"PRRT_kwDOR3YK5M6b8Mgk"	"2026-08-25T04:57:06Z"	"https://github.com/Oichkatzelesfrettschen/mesa-26-gororoba/pull/1786#discussion_r3849684203"	"src/amd/r300/vulkan/tests/r3v_conformance_runner.py"	"860"	"require every per case qpa session to close"	"unassessed"	""
"PRRT_kwDOR3YK5M6b8Mgn"	"2026-08-25T04:57:06Z"	"https://github.com/Oichkatzelesfrettschen/mesa-26-gororoba/pull/1786#discussion_r3849684207"	"src/amd/r300/vulkan/tests/r3v_conformance_runner.py"	"727"	"reject nonce reuse across replay cases"	"unassessed"	""
"PRRT_kwDOR3YK5M6b8cX4"	"2026-08-25T05:19:08Z"	"https://github.com/Oichkatzelesfrettschen/mesa-26-gororoba/pull/1786#discussion_r3849780811"	"src/amd/r300/vulkan/tests/r3v_conformance_runner.py"	"807"	"bound per case directory components before mkdir"	"unassessed"	""
"PRRT_kwDOR3YK5M6b8cXr"	"2026-08-25T05:19:08Z"	"https://github.com/Oichkatzelesfrettschen/mesa-26-gororoba/pull/1786#discussion_r3849780795"	"src/amd/r300/vulkan/tests/r3v_conformance_runner.py"	"884"	"preserve nonzero child exits in the shard verdict"	"unassessed"	""
"PRRT_kwDOR3YK5M6b8cXw"	"2026-08-25T05:19:08Z"	"https://github.com/Oichkatzelesfrettschen/mesa-26-gororoba/pull/1786#discussion_r3849780799"	"src/amd/r300/vulkan/tests/r3v_conformance_runner.py"	"940"	"require an active per case capture before the planning bypass"	"unassessed"	""
"PRRT_kwDOR3YK5M6b8cXz"	"2026-08-25T05:19:08Z"	"https://github.com/Oichkatzelesfrettschen/mesa-26-gororoba/pull/1786#discussion_r3849780802"	"src/amd/r300/vulkan/tests/r3v_conformance_runner.py"	"1058"	"stop the shard when kernel log continuity is lost"	"unassessed"	""
"PRRT_kwDOR3YK5M6b_C-H"	"2026-08-25T08:13:16Z"	"https://github.com/Oichkatzelesfrettschen/mesa-26-gororoba/pull/1788#discussion_r3850795034"	"docs/hardware/r3v-current-program-status.md"	"108"	"preserve verified result host model receipts"	"unassessed"	""
"PRRT_kwDOR3YK5M6b_C-N"	"2026-08-25T08:13:16Z"	"https://github.com/Oichkatzelesfrettschen/mesa-26-gororoba/pull/1788#discussion_r3850795040"	"docs/hardware/r3v-current-program-status.md"	"16"	"identify the actual mesa revision described by the table"	"unassessed"	""
"PRRT_kwDOR3YK5M6cFWo2"	"2026-08-25T13:11:34Z"	"https://github.com/Oichkatzelesfrettschen/mesa-26-gororoba/pull/1790#discussion_r3853288367"	"src/amd/r300/vulkan/tests/r3v_conformance_runner.py"	"432"	"resolve the declared tracer before changing directories"	"unassessed"	""
"PRRT_kwDOR3YK5M6cFWo7"	"2026-08-25T13:11:34Z"	"https://github.com/Oichkatzelesfrettschen/mesa-26-gororoba/pull/1790#discussion_r3853288374"	"src/amd/r300/vulkan/tests/r3v_conformance_runner.py"	"1287"	"let the kernel hazard outrank the planning refusal"	"unassessed"	""
"PRRT_kwDOR3YK5M6cFWoh"	"2026-08-25T13:11:34Z"	"https://github.com/Oichkatzelesfrettschen/mesa-26-gororoba/pull/1790#discussion_r3853288339"	"src/amd/r300/vulkan/tests/r3v_conformance_runner.py"	"455"	"reject transcripts that predate the planning case"	"unassessed"	""
"PRRT_kwDOR3YK5M6cFWou"	"2026-08-25T13:11:34Z"	"https://github.com/Oichkatzelesfrettschen/mesa-26-gororoba/pull/1790#discussion_r3853288356"	"src/amd/r300/vulkan/tests/r3v_conformance_runner.py"	"1277"	"require every shard case in the planning witness"	"unassessed"	""
"PRRT_kwDOR3YK5M6cFWpC"	"2026-08-25T13:11:34Z"	"https://github.com/Oichkatzelesfrettschen/mesa-26-gororoba/pull/1790#discussion_r3853288387"	"src/amd/r300/vulkan/tests/r3v_conformance_runner.py"	"155"	"record the discovery method for the driver claims"	"unassessed"	""
"PRRT_kwDOR3YK5M6cFWpP"	"2026-08-25T13:11:35Z"	"https://github.com/Oichkatzelesfrettschen/mesa-26-gororoba/pull/1790#discussion_r3853288401"	"docs/hardware/r3v-current-program-status.md"	"70"	"replace the workspace specific evidence path"	"unassessed"	""
"PRRT_kwDOR3YK5M6cFxqD"	"2026-08-25T13:28:38Z"	"https://github.com/Oichkatzelesfrettschen/mesa-26-gororoba/pull/1792#discussion_r3853452936"	"src/amd/r300/vulkan/tests/r3v_wsi_init_comment_parity_audit.py"	"79"	"check r3v wsi sw in the adjacent comment"	"fixed-on-main"	"Restoring stale default-software wording leaves the audit green."
"PRRT_kwDOR3YK5M6cF4uB"	"2026-08-25T13:33:13Z"	"https://github.com/Oichkatzelesfrettschen/mesa-26-gororoba/pull/1794#discussion_r3853494985"	"src/amd/r300/vulkan/tests/r3v_conformance_runner.py"	"461"	"accept only markers created by the current case"	"unassessed"	""
"PRRT_kwDOR3YK5M6cF4uH"	"2026-08-25T13:33:13Z"	"https://github.com/Oichkatzelesfrettschen/mesa-26-gororoba/pull/1794#discussion_r3853494992"	"src/amd/r300/vulkan/tests/r3v_conformance_runner.py"	"465"	"require every capture device to report an empty outcome"	"unassessed"	""
"PRRT_kwDOR3YK5M6cGMel"	"2026-08-25T13:46:48Z"	"https://github.com/Oichkatzelesfrettschen/mesa-26-gororoba/pull/1792#discussion_r3853615008"	"docs/hardware/r3v-wsi-denominator.md"	"200"	"classify the drm shim result as runtime evidence"	"fixed-on-main"	"The same shim result is promoted to silicon evidence again."
"PRRT_kwDOR3YK5M6cGRyz"	"2026-08-25T13:50:24Z"	"https://github.com/Oichkatzelesfrettschen/mesa-26-gororoba/pull/1795#discussion_r3853646876"	"docs/hardware/r3v-current-program-status.md"	"118"	"update the pinned evidence repository head"	"unassessed"	""
"PRRT_kwDOR3YK5M6cGRzE"	"2026-08-25T13:50:24Z"	"https://github.com/Oichkatzelesfrettschen/mesa-26-gororoba/pull/1795#discussion_r3853646896"	"docs/hardware/r3v-current-program-status.md"	"120"	"advance the mesa head past the receipt source"	"unassessed"	""
"PRRT_kwDOR3YK5M6cGRzN"	"2026-08-25T13:50:24Z"	"https://github.com/Oichkatzelesfrettschen/mesa-26-gororoba/pull/1795#discussion_r3853646908"	"docs/hardware/r3v-current-program-status.md"	"121"	"correct the second device count"	"unassessed"	""
"PRRT_kwDOR3YK5M6cIUnm"	"2026-08-25T15:15:41Z"	"https://github.com/Oichkatzelesfrettschen/mesa-26-gororoba/pull/1796#discussion_r3854445919"	"docs/hardware/r3v-current-program-status.md"	"16"	"reconcile the mesa head with the declared target source"	"unassessed"	""
"PRRT_kwDOR3YK5M6cJt9j"	"2026-08-25T16:18:47Z"	"https://github.com/Oichkatzelesfrettschen/mesa-26-gororoba/pull/1798#discussion_r3854991381"	"docs/hardware/r3v-current-program-status.md"	"271"	"keep architecture facts in their named authority"	"unassessed"	""
"PRRT_kwDOR3YK5M6cJt-F"	"2026-08-25T16:18:48Z"	"https://github.com/Oichkatzelesfrettschen/mesa-26-gororoba/pull/1798#discussion_r3854991421"	"docs/hardware/r3v-current-program-status.md"	"265"	"name the structurally unsupported format feature"	"unassessed"	""
"PRRT_kwDOR3YK5M6cJt9-"	"2026-08-25T16:18:48Z"	"https://github.com/Oichkatzelesfrettschen/mesa-26-gororoba/pull/1798#discussion_r3854991413"	"docs/hardware/r3v-current-program-status.md"	"252"	"define how removal satisfies the rung one gate"	"unassessed"	""
"PRRT_kwDOR3YK5M6cJt91"	"2026-08-25T16:18:48Z"	"https://github.com/Oichkatzelesfrettschen/mesa-26-gororoba/pull/1798#discussion_r3854991402"	"docs/hardware/r3v-current-program-status.md"	"256"	"admit a baseline sampled image before executing sampling"	"unassessed"	""
"PRRT_kwDOR3YK5M6cJt96"	"2026-08-25T16:18:48Z"	"https://github.com/Oichkatzelesfrettschen/mesa-26-gororoba/pull/1798#discussion_r3854991407"	"docs/hardware/r3v-current-program-status.md"	"261"	"align the intermediate framebuffer limit receipts"	"unassessed"	""
"PRRT_kwDOR3YK5M6cJt9q"	"2026-08-25T16:18:48Z"	"https://github.com/Oichkatzelesfrettschen/mesa-26-gororoba/pull/1798#discussion_r3854991390"	"docs/hardware/r3v-current-program-status.md"	"288"	"name the wsi prerequisite instead of its issue number"	"unassessed"	""
"PRRT_kwDOR3YK5M6cJt9w"	"2026-08-25T16:18:48Z"	"https://github.com/Oichkatzelesfrettschen/mesa-26-gororoba/pull/1798#discussion_r3854991396"	"docs/hardware/r3v-current-program-status.md"	"299"	"qualify the radeontool package path with its repository"	"unassessed"	""
"PRRT_kwDOR3YK5M6cKCuE"	"2026-08-25T16:34:14Z"	"https://github.com/Oichkatzelesfrettschen/mesa-26-gororoba/pull/1799#discussion_r3855118905"	"docs/hardware/r3v-current-program-status.md"	"237"	"keep the constant row open until vulkan binds the payload"	"unassessed"	""
"PRRT_kwDOR3YK5M6cKCuP"	"2026-08-25T16:34:14Z"	"https://github.com/Oichkatzelesfrettschen/mesa-26-gororoba/pull/1799#discussion_r3855118917"	"docs/hardware/r3v-current-program-status.md"	"216"	"reconcile the silicon evidence classification"	"unassessed"	""
"PRRT_kwDOR3YK5M6cLYDU"	"2026-08-25T17:42:57Z"	"https://github.com/Oichkatzelesfrettschen/mesa-26-gororoba/pull/1802#discussion_r3855648147"	"docs/hardware/r3v-current-program-status.md"	"236"	"keep the evidence gate closed after a failed precondition"	"unassessed"	""
"PRRT_kwDOR3YK5M6cL7kB"	"2026-08-25T18:10:45Z"	"https://github.com/Oichkatzelesfrettschen/mesa-26-gororoba/pull/1805#discussion_r3855867363"	"docs/hardware/r3v-current-program-status.md"	"250"	"update the authoritative latest receipt table"	"unassessed"	""
"PRRT_kwDOR3YK5M6cL7kJ"	"2026-08-25T18:10:45Z"	"https://github.com/Oichkatzelesfrettschen/mesa-26-gororoba/pull/1805#discussion_r3855867377"	"docs/hardware/r3v-current-program-status.md"	"253"	"include host clear addressing in the offset mechanism"	"unassessed"	""
"PRRT_kwDOR3YK5M6cL7kM"	"2026-08-25T18:10:45Z"	"https://github.com/Oichkatzelesfrettschen/mesa-26-gororoba/pull/1805#discussion_r3855867384"	"docs/hardware/r3v-current-program-status.md"	"246"	"describe the full reference target family"	"unassessed"	""
"PRRT_kwDOR3YK5M6cL7kT"	"2026-08-25T18:10:45Z"	"https://github.com/Oichkatzelesfrettschen/mesa-26-gororoba/pull/1805#discussion_r3855867393"	"docs/hardware/r3v-current-program-status.md"	"246"	"reconcile the fragment constant task with the new exception"	"unassessed"	""
"PRRT_kwDOR3YK5M6cL7kW"	"2026-08-25T18:10:45Z"	"https://github.com/Oichkatzelesfrettschen/mesa-26-gororoba/pull/1805#discussion_r3855867402"	"docs/hardware/r3v-current-program-status.md"	"240"	"advance the recorded mesa repository head"	"unassessed"	""
"PRRT_kwDOR3YK5M6cL7ke"	"2026-08-25T18:10:45Z"	"https://github.com/Oichkatzelesfrettschen/mesa-26-gororoba/pull/1805#discussion_r3855867411"	"docs/hardware/r3v-current-program-status.md"	"241"	"qualify the non reference lowering claim"	"unassessed"	""
"PRRT_kwDOR3YK5M6cPnEl"	"2026-08-25T20:57:20Z"	"https://github.com/Oichkatzelesfrettschen/mesa-26-gororoba/pull/1810#discussion_r3857329889"	"docs/hardware/r3v-current-program-status.md"	"267"	"keep the open receipt fact in one location"	"unassessed"	""
"PRRT_kwDOR3YK5M6cPnEp"	"2026-08-25T20:57:20Z"	"https://github.com/Oichkatzelesfrettschen/mesa-26-gororoba/pull/1810#discussion_r3857329897"	"docs/hardware/r3v-current-program-status.md"	"256"	"name the retained transcript bundle"	"unassessed"	""
"PRRT_kwDOR3YK5M6cPnEu"	"2026-08-25T20:57:20Z"	"https://github.com/Oichkatzelesfrettschen/mesa-26-gororoba/pull/1810#discussion_r3857329904"	"docs/hardware/r3v-current-program-status.md"	"260"	"cite the vulkan rule for ignoring tessellation state"	"unassessed"	""
"PRRT_kwDOR3YK5M6cTcXg"	"2026-08-26T01:17:13Z"	"https://github.com/Oichkatzelesfrettschen/mesa-26-gororoba/pull/1811#discussion_r3858873489"	"docs/hardware/r3v-current-program-status.md"	"102"	"reconcile the head with the latest receipt"	"unassessed"	""
"PRRT_kwDOR3YK5M6cTcXk"	"2026-08-26T01:17:13Z"	"https://github.com/Oichkatzelesfrettschen/mesa-26-gororoba/pull/1811#discussion_r3858873493"	"docs/hardware/r3v-current-program-status.md"	"226"	"remove completed work from the p0 blocker list"	"unassessed"	""
"PRRT_kwDOR3YK5M6cTcXq"	"2026-08-26T01:17:13Z"	"https://github.com/Oichkatzelesfrettschen/mesa-26-gororoba/pull/1811#discussion_r3858873501"	"docs/hardware/r3v-current-program-status.md"	"110"	"limit the refutation to the smoke triangle case"	"unassessed"	""
"PRRT_kwDOR3YK5M6cTcXu"	"2026-08-26T01:17:14Z"	"https://github.com/Oichkatzelesfrettschen/mesa-26-gororoba/pull/1811#discussion_r3858873506"	"docs/hardware/r3v-current-program-status.md"	"108"	"name the transcript bearing planning receipt"	"unassessed"	""
"PRRT_kwDOR3YK5M6cT_6U"	"2026-08-26T02:11:34Z"	"https://github.com/Oichkatzelesfrettschen/mesa-26-gororoba/pull/1813#discussion_r3859100501"	"src/amd/r300/vulkan/r3v_native_recording.c"	"448"	"advertise the formats accepted by the scaling blit"	"unassessed"	""
"PRRT_kwDOR3YK5M6cT_6Y"	"2026-08-26T02:11:34Z"	"https://github.com/Oichkatzelesfrettschen/mesa-26-gororoba/pull/1813#discussion_r3859100508"	"src/amd/r300/vulkan/tests/r3v_conformance_nonpass_ledger.tsv"	"9"	"remove the closed scaling blit wall from the ledger"	"unassessed"	""
"PRRT_kwDOR3YK5M6cT_6c"	"2026-08-26T02:11:35Z"	"https://github.com/Oichkatzelesfrettschen/mesa-26-gororoba/pull/1813#discussion_r3859100513"	"src/amd/r300/vulkan/tests/r3v_native_object_lifetime_test.c"	"842"	"keep the replayed secondary alive through submission"	"repair-required"	"The secondary remains alive through queue idle and opposite valid cleanup orders release both owned allocations."
"PRRT_kwDOR3YK5M6cUCrg"	"2026-08-26T02:15:52Z"	"https://github.com/Oichkatzelesfrettschen/mesa-26-gororoba/pull/1815#discussion_r3859117527"	"docs/hardware/r3v-current-program-status.md"	"336"	"refresh the canonical status when closing the rung"	"unassessed"	""
"PRRT_kwDOR3YK5M6cUCrh"	"2026-08-26T02:15:52Z"	"https://github.com/Oichkatzelesfrettschen/mesa-26-gororoba/pull/1815#discussion_r3859117530"	"docs/hardware/r3v-current-program-status.md"	"339"	"qualify the secondary replay ordering claim"	"unassessed"	""
"PRRT_kwDOR3YK5M6cUCrj"	"2026-08-26T02:15:52Z"	"https://github.com/Oichkatzelesfrettschen/mesa-26-gororoba/pull/1815#discussion_r3859117534"	"docs/hardware/r3v-current-program-status.md"	"348"	"name the vulkan blit rule behind the resample formula"	"unassessed"	""
"PRRT_kwDOR3YK5M6cUCrr"	"2026-08-26T02:15:52Z"	"https://github.com/Oichkatzelesfrettschen/mesa-26-gororoba/pull/1815#discussion_r3859117542"	"docs/hardware/r3v-current-program-status.md"	"340"	"separate rung 1 movement from its eight case receipt"	"unassessed"	""
"PRRT_kwDOR3YK5M6cV3bi"	"2026-08-26T05:15:41Z"	"https://github.com/Oichkatzelesfrettschen/mesa-26-gororoba/pull/1820#discussion_r3859838269"	"docs/hardware/r3v-current-program-status.md"	"317"	"do not promote sampled cts cases to silicon evidence"	"unassessed"	""
"PRRT_kwDOR3YK5M6cWDMj"	"2026-08-26T05:32:43Z"	"https://github.com/Oichkatzelesfrettschen/mesa-26-gororoba/pull/1822#discussion_r3859911129"	"docs/hardware/r3v-current-program-status.md"	"368"	"state the silicon observation positively"	"unassessed"	""
"PRRT_kwDOR3YK5M6cWPv1"	"2026-08-26T05:49:39Z"	"https://github.com/Oichkatzelesfrettschen/mesa-26-gororoba/pull/1824#discussion_r3859988437"	"docs/hardware/r3v-current-program-status.md"	"377"	"keep nearest and clamp semantics open"	"unassessed"	""
"PRRT_kwDOR3YK5M6cWPv6"	"2026-08-26T05:49:39Z"	"https://github.com/Oichkatzelesfrettschen/mesa-26-gororoba/pull/1824#discussion_r3859988442"	"docs/hardware/r3v-current-program-status.md"	"376"	"retain s axis addressing as open work"	"unassessed"	""
"PRRT_kwDOR3YK5M6cWPvu"	"2026-08-26T05:49:39Z"	"https://github.com/Oichkatzelesfrettschen/mesa-26-gororoba/pull/1824#discussion_r3859988428"	"docs/hardware/r3v-current-program-status.md"	"373"	"bound the receipt to half row discrimination"	"unassessed"	""
"PRRT_kwDOR3YK5M6cWTLd"	"2026-08-26T05:54:17Z"	"https://github.com/Oichkatzelesfrettschen/mesa-26-gororoba/pull/1826#discussion_r3860009407"	"docs/hardware/r3v-current-program-status.md"	"395"	"name the layered image ledger row explicitly"	"unassessed"	""
"PRRT_kwDOR3YK5M6cWTLh"	"2026-08-26T05:54:17Z"	"https://github.com/Oichkatzelesfrettschen/mesa-26-gororoba/pull/1826#discussion_r3860009415"	"docs/hardware/r3v-current-program-status.md"	"392"	"scope the layered route gate to the array cases"	"unassessed"	""
"PRRT_kwDOR3YK5M6cWTLl"	"2026-08-26T05:54:18Z"	"https://github.com/Oichkatzelesfrettschen/mesa-26-gororoba/pull/1826#discussion_r3860009422"	"docs/hardware/r3v-current-program-status.md"	"398"	"require both routes before admitting the combined usage"	"unassessed"	""
"PRRT_kwDOR3YK5M6cWUtX"	"2026-08-26T05:56:13Z"	"https://github.com/Oichkatzelesfrettschen/mesa-26-gororoba/pull/1825#discussion_r3860018706"	"docs/hardware/r3v-current-program-status.md"	"381"	"scope the zero movement claim to the measured families"	"unassessed"	""
"PRRT_kwDOR3YK5M6cWUta"	"2026-08-26T05:56:13Z"	"https://github.com/Oichkatzelesfrettschen/mesa-26-gororoba/pull/1825#discussion_r3860018709"	"docs/hardware/r3v-current-program-status.md"	"388"	"add the promised sampler state rung"	"unassessed"	""
"PRRT_kwDOR3YK5M6cW12I"	"2026-08-26T06:36:19Z"	"https://github.com/Oichkatzelesfrettschen/mesa-26-gororoba/pull/1829#discussion_r3860219674"	"docs/hardware/r3v-current-program-status.md"	"464"	"keep the render to sample coherency edge open"	"unassessed"	""
"PRRT_kwDOR3YK5M6cW12N"	"2026-08-26T06:36:20Z"	"https://github.com/Oichkatzelesfrettschen/mesa-26-gororoba/pull/1829#discussion_r3860219681"	"docs/hardware/r3v-current-program-status.md"	"458"	"reconcile rung 7 with the ladder s strict ordering"	"unassessed"	""
"PRRT_kwDOR3YK5M6cW12R"	"2026-08-26T06:36:20Z"	"https://github.com/Oichkatzelesfrettschen/mesa-26-gororoba/pull/1829#discussion_r3860219686"	"docs/hardware/r3v-current-program-status.md"	"431"	"require vram placement rather than device local memory"	"unassessed"	""
"PRRT_kwDOR3YK5M6cW12U"	"2026-08-26T06:36:20Z"	"https://github.com/Oichkatzelesfrettschen/mesa-26-gororoba/pull/1829#discussion_r3860219692"	"docs/hardware/r3v-current-program-status.md"	"453"	"make the first msaa arm distinguish multisampling"	"unassessed"	""
"PRRT_kwDOR3YK5M6cW-e_"	"2026-08-26T06:45:44Z"	"https://github.com/Oichkatzelesfrettschen/mesa-26-gororoba/pull/1831#discussion_r3860271670"	"docs/hardware/r3v-current-program-status.md"	"478"	"record the composed cell s required offset"	"unassessed"	""
"PRRT_kwDOR3YK5M6cW-fF"	"2026-08-26T06:45:44Z"	"https://github.com/Oichkatzelesfrettschen/mesa-26-gororoba/pull/1831#discussion_r3860271679"	"docs/hardware/r3v-current-program-status.md"	"472"	"add the discovery method to the emitter claim"	"unassessed"	""
"PRRT_kwDOR3YK5M6cW-fI"	"2026-08-26T06:45:44Z"	"https://github.com/Oichkatzelesfrettschen/mesa-26-gororoba/pull/1831#discussion_r3860271682"	"docs/hardware/r3v-current-program-status.md"	"470"	"close the em dash substitute against both words"	"unassessed"	""
"PRRT_kwDOR3YK5M6cXe3W"	"2026-08-26T07:18:58Z"	"https://github.com/Oichkatzelesfrettschen/mesa-26-gororoba/pull/1836#discussion_r3860470615"	"docs/hardware/r3v-current-program-status.md"	"496"	"add discovery locations to the new code claims"	"unassessed"	""
"PRRT_kwDOR3YK5M6cXe3b"	"2026-08-26T07:18:58Z"	"https://github.com/Oichkatzelesfrettschen/mesa-26-gororoba/pull/1836#discussion_r3860470623"	"docs/hardware/r3v-current-program-status.md"	"494"	"account for the fifth payload falling outside the chunk"	"unassessed"	""
"PRRT_kwDOR3YK5M6cXpKj"	"2026-08-26T07:28:29Z"	"https://github.com/Oichkatzelesfrettschen/mesa-26-gororoba/pull/1839#discussion_r3860533914"	"docs/hardware/r3v-current-program-status.md"	"506"	"remove the unsupported recorder calibration claim"	"unassessed"	""
"PRRT_kwDOR3YK5M6cXpKo"	"2026-08-26T07:28:29Z"	"https://github.com/Oichkatzelesfrettschen/mesa-26-gororoba/pull/1839#discussion_r3860533919"	"docs/hardware/r3v-current-program-status.md"	"507"	"record the composed kind s arming blocker"	"unassessed"	""
"PRRT_kwDOR3YK5M6cY3aN"	"2026-08-26T08:37:52Z"	"https://github.com/Oichkatzelesfrettschen/mesa-26-gororoba/pull/1846#discussion_r3861015440"	"docs/hardware/r3v-current-program-status.md"	"482"	"retain an edge oracle before accepting the msaa arm"	"unassessed"	""
"PRRT_kwDOR3YK5M6chXIA"	"2026-08-26T15:35:00Z"	"https://github.com/Oichkatzelesfrettschen/mesa-26-gororoba/pull/1848#discussion_r3864337773"	"docs/hardware/r3v-current-program-status.md"	"498"	"keep resolve semantics marked as a hypothesis"	"unassessed"	""
"PRRT_kwDOR3YK5M6chXun"	"2026-08-26T15:35:34Z"	"https://github.com/Oichkatzelesfrettschen/mesa-26-gororoba/pull/1849#discussion_r3864341604"	"docs/hardware/r3v-current-program-status.md"	"515"	"add discovery methods to the new code claims"	"unassessed"	""
"PRRT_kwDOR3YK5M6chXuo"	"2026-08-26T15:35:34Z"	"https://github.com/Oichkatzelesfrettschen/mesa-26-gororoba/pull/1849#discussion_r3864341605"	"docs/hardware/r3v-current-program-status.md"	"519"	"reconcile the fragment color outcomes"	"unassessed"	""
"PRRT_kwDOR3YK5M6chXur"	"2026-08-26T15:35:34Z"	"https://github.com/Oichkatzelesfrettschen/mesa-26-gororoba/pull/1849#discussion_r3864341609"	"docs/hardware/r3v-current-program-status.md"	"533"	"base the allocation claim on the final placement"	"unassessed"	""
"PRRT_kwDOR3YK5M6cm0lo"	"2026-08-26T20:29:09Z"	"https://github.com/Oichkatzelesfrettschen/mesa-26-gororoba/pull/1865#discussion_r3866475551"	"docs/hardware/r3v-current-program-status.md"	"453"	"record the discovery method for the new source locator"	"unassessed"	""
"PRRT_kwDOR3YK5M6cm0l2"	"2026-08-26T20:29:10Z"	"https://github.com/Oichkatzelesfrettschen/mesa-26-gororoba/pull/1865#discussion_r3866475567"	"docs/hardware/r3v-current-program-status.md"	"456"	"link the canonical memory placement contract"	"unassessed"	""
"PRRT_kwDOR3YK5M6cm0lv"	"2026-08-26T20:29:10Z"	"https://github.com/Oichkatzelesfrettschen/mesa-26-gororoba/pull/1865#discussion_r3866475560"	"docs/hardware/r3v-current-program-status.md"	"456"	"describe vram residency as unproven rather than absent"	"unassessed"	""
"PRRT_kwDOR3YK5M6cm_G0"	"2026-08-26T20:38:28Z"	"https://github.com/Oichkatzelesfrettschen/mesa-26-gororoba/pull/1867#discussion_r3866539676"	"build-infra/scripts/review_thread_classification.py"	"198"	"allow classifications to transition into closed rows"	"fixed-on-main"	"A valid closed row cannot replay through the frontier check."
"PRRT_kwDOR3YK5M6dCkne"	"2026-08-28T02:20:49Z"	"https://github.com/Oichkatzelesfrettschen/mesa-26-gororoba/pull/1957#discussion_r3877416708"	"src/amd/r300/vulkan/tests/r3v_conformance_runner.py"	"1968"	"preserve version 3 receipt semantics during verification"	"unassessed"	""
