thread_id	previous_evidence_commit	evidence_commit	verified_at	refresh_note
PRRT_kwDOR3YK5M6Q-LLW	e3cc1217ce4b664a3d23e0441cb0e84e4a03b623	05023afc27fcc9fb0637ecacfa425d9fc4263a81	2026-08-27T09:31:41Z	Current design names the typed-split host oracle, classifier commit, and retained silicon finding without PR-number authority
PRRT_kwDOR3YK5M6Qacnw	e3cc1217ce4b664a3d23e0441cb0e84e4a03b623	05023afc27fcc9fb0637ecacfa425d9fc4263a81	2026-08-27T09:31:41Z	Current Draw source retains num_slots admission, zero and overflow refusal, and executable two-row oracles
PRRT_kwDOR3YK5M6Qf309	e3cc1217ce4b664a3d23e0441cb0e84e4a03b623	05023afc27fcc9fb0637ecacfa425d9fc4263a81	2026-08-27T09:31:41Z	Current design retains mechanism commits and the r2vb-output-reingest-fix-rs482 evidence bundle
PRRT_kwDOR3YK5M6Qf30u	e3cc1217ce4b664a3d23e0441cb0e84e4a03b623	05023afc27fcc9fb0637ecacfa425d9fc4263a81	2026-08-27T09:31:41Z	Current design uses misdiagnoses and contains no mis-diagnoses spelling
PRRT_kwDOR3YK5M6Qf31V	e3cc1217ce4b664a3d23e0441cb0e84e4a03b623	05023afc27fcc9fb0637ecacfa425d9fc4263a81	2026-08-27T09:31:41Z	Current tracker uses mechanism descriptions, commit identities, and retained artifacts without PR ranges
PRRT_kwDOR3YK5M6Qf8yR	e3cc1217ce4b664a3d23e0441cb0e84e4a03b623	05023afc27fcc9fb0637ecacfa425d9fc4263a81	2026-08-27T09:31:41Z	Current reconstruction and typed-split claims use named commits, oracles, and retained evidence instead of private PRs
PRRT_kwDOR3YK5M6Qf8yY	e3cc1217ce4b664a3d23e0441cb0e84e4a03b623	05023afc27fcc9fb0637ecacfa425d9fc4263a81	2026-08-27T09:31:41Z	Current tracker defines HBTCL-02 with an exact fbo-clearmipmap rerun gate and contains no HBTCL-02C token
PRRT_kwDOR3YK5M6Qf8yb	e3cc1217ce4b664a3d23e0441cb0e84e4a03b623	05023afc27fcc9fb0637ecacfa425d9fc4263a81	2026-08-27T09:31:41Z	Current design separates the unconditional 0x2200-0x22dc read wedge from the conditional 0x4000-and-above black hole
PRRT_kwDOR3YK5M6Qf8yh	e3cc1217ce4b664a3d23e0441cb0e84e4a03b623	05023afc27fcc9fb0637ecacfa425d9fc4263a81	2026-08-27T09:31:41Z	Current coordinate contract assigns admitted perspective divide to fragment ALU or VTE and CPU ownership to fallback
PRRT_kwDOR3YK5M6SJFXv	e3cc1217ce4b664a3d23e0441cb0e84e4a03b623	05023afc27fcc9fb0637ecacfa425d9fc4263a81	2026-08-27T09:31:41Z	Current new-source policy requires SPDX and retains copyright only for a verified legal holder
PRRT_kwDOR3YK5M6Ta-dG	e3cc1217ce4b664a3d23e0441cb0e84e4a03b623	05023afc27fcc9fb0637ecacfa425d9fc4263a81	2026-08-27T09:31:41Z	Current document policy rejects invented project copyright while preserving SPDX and verified-holder attribution
PRRT_kwDOR3YK5M6TtjCM	e3cc1217ce4b664a3d23e0441cb0e84e4a03b623	05023afc27fcc9fb0637ecacfa425d9fc4263a81	2026-08-27T09:31:41Z	Current v2 schema requires loaded libgallium path, SHA-256, Build ID, and provenance; calibrated mutations pass
PRRT_kwDOR3YK5M6TtjCO	e3cc1217ce4b664a3d23e0441cb0e84e4a03b623	05023afc27fcc9fb0637ecacfa425d9fc4263a81	2026-08-27T09:31:41Z	Current v2 schema requires DDX hash and Build ID plus Radeon package and provenance; calibrated mutations pass
PRRT_kwDOR3YK5M6TtjCR	e3cc1217ce4b664a3d23e0441cb0e84e4a03b623	05023afc27fcc9fb0637ecacfa425d9fc4263a81	2026-08-27T09:31:41Z	Current root and source-authority policies assign retained RS482 evidence to steinmarder-r300
PRRT_kwDOR3YK5M6TtjCT	e3cc1217ce4b664a3d23e0441cb0e84e4a03b623	05023afc27fcc9fb0637ecacfa425d9fc4263a81	2026-08-27T09:31:41Z	Current SPDX policy supersedes invented Markdown copyright and JSON comment attribution
PRRT_kwDOR3YK5M6TvpLc	e3cc1217ce4b664a3d23e0441cb0e84e4a03b623	05023afc27fcc9fb0637ecacfa425d9fc4263a81	2026-08-27T09:31:41Z	Current hard and expanded new-file rules agree on SPDX and verified-holder-only copyright
PRRT_kwDOR3YK5M6RnHS5	e3cc1217ce4b664a3d23e0441cb0e84e4a03b623	3b355908198285831108be57003bdfbd69a796cb	2026-08-27T18:23:16Z	The force-split memo reaches the shadow checker, and the plan oracle covers matching and deliberate-divergence paths
PRRT_kwDOR3YK5M6SK5OQ	e3cc1217ce4b664a3d23e0441cb0e84e4a03b623	3b355908198285831108be57003bdfbd69a796cb	2026-08-27T18:23:16Z	Producer staging reserves before list construction and reserves the expanded dirty-state budget again after a validation flush
PRRT_kwDOR3YK5M6SKFQo	e3cc1217ce4b664a3d23e0441cb0e84e4a03b623	3b355908198285831108be57003bdfbd69a796cb	2026-08-27T18:23:16Z	The transaction retains its output resource, and the staging oracle preserves that relocation across a dirty framebuffer rebind
PRRT_kwDOR3YK5M6SKFQr	e3cc1217ce4b664a3d23e0441cb0e84e4a03b623	3b355908198285831108be57003bdfbd69a796cb	2026-08-27T18:23:16Z	Output validation requires a level-free FP32x4 GTT buffer with backing storage covering the complete producer layout
PRRT_kwDOR3YK5M6SKo_m	e3cc1217ce4b664a3d23e0441cb0e84e4a03b623	3b355908198285831108be57003bdfbd69a796cb	2026-08-27T18:23:16Z	A validation failure rebuilds the complete buffer list after a replacement capacity reservation, while a second failure declines
PRRT_kwDOR3YK5M6SKweM	e3cc1217ce4b664a3d23e0441cb0e84e4a03b623	3b355908198285831108be57003bdfbd69a796cb	2026-08-27T18:23:16Z	The producer capture path runs at the draw site without a flush-hook helper that discards a pending caller command stream
PRRT_kwDOR3YK5M6SKweQ	e3cc1217ce4b664a3d23e0441cb0e84e4a03b623	3b355908198285831108be57003bdfbd69a796cb	2026-08-27T18:23:16Z	Capture validation retains the raw output authority and does not substitute application framebuffer state into producer staging
PRRT_kwDOR3YK5M6QZnz7	e3cc1217ce4b664a3d23e0441cb0e84e4a03b623	1cf2ae9c66feb5ac5e616810b17a7b541905e377	2026-08-28T04:38:01Z	The bounded distcc fixture skips discovery and local tokens before counting remote volunteers
PRRT_kwDOR3YK5M6QZn0M	e3cc1217ce4b664a3d23e0441cb0e84e4a03b623	1cf2ae9c66feb5ac5e616810b17a7b541905e377	2026-08-28T04:38:02Z	distcc_host_name strips SSH user, port, slot, and option syntax before hostname resolution
PRRT_kwDOR3YK5M6QZrBQ	e3cc1217ce4b664a3d23e0441cb0e84e4a03b623	1cf2ae9c66feb5ac5e616810b17a7b541905e377	2026-08-28T04:38:03Z	Hostname normalization leaves the original distcc dispatch specification unchanged
PRRT_kwDOR3YK5M6QZrBU	e3cc1217ce4b664a3d23e0441cb0e84e4a03b623	1cf2ae9c66feb5ac5e616810b17a7b541905e377	2026-08-28T04:38:04Z	Every counted volunteer receives fallback-disabled C and C++ probes with the selected compiler pair
PRRT_kwDOR3YK5M6Qaw1N	e3cc1217ce4b664a3d23e0441cb0e84e4a03b623	1cf2ae9c66feb5ac5e616810b17a7b541905e377	2026-08-28T04:38:05Z	The debug loader environment prepends the selected prefix explicit-layer directory
PRRT_kwDOR3YK5M6Qaw1U	e3cc1217ce4b664a3d23e0441cb0e84e4a03b623	1cf2ae9c66feb5ac5e616810b17a7b541905e377	2026-08-28T04:38:06Z	The debug package installs and exposes the prefix implicit-layer directory
PRRT_kwDOR3YK5M6SJFXv	05023afc27fcc9fb0637ecacfa425d9fc4263a81	1cf2ae9c66feb5ac5e616810b17a7b541905e377	2026-08-28T04:38:07Z	New source headers retain SPDX and name a copyright holder only when legal ownership is verified
PRRT_kwDOR3YK5M6Ta-dF	e3cc1217ce4b664a3d23e0441cb0e84e4a03b623	1cf2ae9c66feb5ac5e616810b17a7b541905e377	2026-08-28T04:38:08Z	R3V native image creation retains one allocation footprint and one bound memory object
PRRT_kwDOR3YK5M6Ta-dG	05023afc27fcc9fb0637ecacfa425d9fc4263a81	1cf2ae9c66feb5ac5e616810b17a7b541905e377	2026-08-28T04:38:09Z	Project documents retain SPDX without an invented project copyright holder
PRRT_kwDOR3YK5M6TtjCM	05023afc27fcc9fb0637ecacfa425d9fc4263a81	1cf2ae9c66feb5ac5e616810b17a7b541905e377	2026-08-28T04:38:10Z	The stack manifest schema retains loaded libgallium path, digest, Build ID, and provenance fields
PRRT_kwDOR3YK5M6TtjCO	05023afc27fcc9fb0637ecacfa425d9fc4263a81	1cf2ae9c66feb5ac5e616810b17a7b541905e377	2026-08-28T04:38:11Z	The stack manifest schema retains conditional Radeon DDX digest, Build ID, package, and provenance fields
PRRT_kwDOR3YK5M6TtjCR	05023afc27fcc9fb0637ecacfa425d9fc4263a81	1cf2ae9c66feb5ac5e616810b17a7b541905e377	2026-08-28T04:38:12Z	Repository guidance keeps retained RS482 evidence in steinmarder-r300 and Mesa implementation in this repository
PRRT_kwDOR3YK5M6TtjCT	05023afc27fcc9fb0637ecacfa425d9fc4263a81	1cf2ae9c66feb5ac5e616810b17a7b541905e377	2026-08-28T04:38:13Z	JSON documents follow the SPDX-only verified-holder policy without comment attribution
PRRT_kwDOR3YK5M6TvpLc	05023afc27fcc9fb0637ecacfa425d9fc4263a81	1cf2ae9c66feb5ac5e616810b17a7b541905e377	2026-08-28T04:38:14Z	The hard and expanded new-file rules still require SPDX and verified-holder-only copyright
PRRT_kwDOR3YK5M6TtjCR	1cf2ae9c66feb5ac5e616810b17a7b541905e377	2c9aea7e2b14ff97cc9598c4c674d27c82b97aba	2026-08-28T05:49:28Z	The current authority table keeps retained RS482 bundles and hardware verdicts in steinmarder-r300 while separating source, package, runtime, loaded-module, and parked-device identities
PRRT_kwDOR3YK5M6Qaw1U	1cf2ae9c66feb5ac5e616810b17a7b541905e377	217378421cb218e216d5f4d135101c25a7892a3b	2026-08-28T09:01:00Z	The checksum-only package update preserves the implicit-layer configuration and staged library and manifest refusal gates
